E.C,TDS,Cl,NO3 ,Na,T.H,Mg,SAR,Ca,K,Classification
745,476.8,60,42.27681818,49.0,279.9342105,38.896,1.273327902,48.0,4.0,Moderate
921,589.44,80,100.6590909,42.0,399.8930921,63.206,0.913165517,56.0,5.0,Poor
510,326.4,30,41.47154545,45.0,219.9342105,38.896,1.319283964,24.0,2.0,Moderate
422,270.08,10,10.66986364,27.0,159.9671053,19.448,0.928155164,32.0,1.0,Moderate
2321,1485.44,340,128.8436364,298.0,519.84375,92.378,5.682664477,56.0,5.0,Bad
1030,659.2,60,66.435,73.0,339.9424342,34.034,1.72144176,80.0,22.0,Poor
2129,1362.56,330,193.2654545,162.0,739.7861842,126.412,2.589608252,88.0,13.0,Poor
982,628.48,40,144.9490909,85.0,299.9259868,43.758,2.133949028,48.0,5.0,Poor
2420,1548.8,290,134.8831818,321.0,519.8355263,97.24,6.121307804,48.0,6.0,Bad
250,160.0,30,24.3595,10.20021285,99.98355263,9.724,0.443523991,24.0,3.2,Moderate
1840,1177.6,380,159.444,150.3975766,599.8190789,106.964,2.669948378,64.0,1.9,Poor
1550,992.0,140,11.29395,190.9923317,359.8766447,72.93,4.377349903,24.0,6.0,Poor
1390,889.6,170,70.864,161.8440782,339.8848684,68.068,3.816832154,24.0,8.0,Poor
2520,1612.8,280,735.214,235.1246184,739.7203947,165.308,3.758689678,24.0,17.0,Bad
869,556.16,90,7.9722,72.64980488,279.9259868,43.758,1.887926173,40.0,0.77,Poor
782,500.48,60,219.2355,22.59306207,259.9506579,29.172,0.609258784,56.0,67.13,Poor
2880,1843.2,480,210.3775,326.4744644,719.7368421,155.584,5.290960448,32.0,19.5,Bad
490,313.6,40,0.4429,29.8891904,159.9671053,19.448,1.027474311,32.0,17.6,Moderate
1010,646.4,110,95.2235,81.68477438,319.9424342,34.034,1.985534124,72.0,9.8,Poor
460,294.4,30,0.8858,39.99707701,99.99177632,4.862,1.739074858,32.0,35.47,Moderate
1081,691.84,160,141.728,85.27975782,339.9259868,43.758,2.011064218,64.0,16.1,Poor
2080,1331.2,360,335.2753,68.17983978,899.7532895,145.86,0.98824908,120.0,1.9,Poor
1290,825.6,130,57.35555,193.8426385,219.9506579,29.172,5.682753839,40.0,7.9,Poor
991,634.24,110,18.136755,73.11603375,339.9342105,38.896,1.724198853,72.0,1.23,Poor
421,269.44,20,3.422409091,27.0,139.9671053,19.448,0.992254181,24.0,2.0,Moderate
404,258.56,40,22.145,16.0,159.9588816,24.31,0.550032013,24.0,4.0,Moderate
368,235.52,30,29.99640909,22.0,139.9753289,14.586,0.808479657,32.0,3.0,Moderate
1452,929.28,190,121.3948636,156.0,379.8930921,63.206,3.479894391,48.0,1.0,Poor
819,524.16,60,37.42505,33.18059628,339.9671053,19.448,0.782416322,104.0,1.17,Poor
1149,735.36,220,22.167145,164.4849717,219.9835526,9.724,4.821734384,72.0,2.1,Poor
1194,764.16,110,58.68425,101.9418385,359.9506579,29.172,2.336162993,96.0,16.74,Poor
1445,924.8,170,52.7051,94.40207972,519.9506579,29.172,1.800000642,160.0,3.56,Poor
779,498.56,60,10.164555,57.11590859,239.9588816,24.31,1.603100831,56.0,22.89,Poor
1379,882.56,160,118.6972,80.16061447,519.9588816,24.31,1.528441078,168.0,1.7,Poor
1231,787.84,120,38.31085,105.3718166,379.9259868,43.758,2.35042897,80.0,9.9,Poor
839,536.96,90,52.04075,78.69718452,239.9671053,19.448,2.20879547,64.0,9.89,Poor
2227,1425.28,520,39.45836364,282.0,539.8684211,77.792,5.276881116,88.0,10.0,Poor
776,496.64,150,63.21390909,85.0,259.9177632,48.62,2.292308735,24.0,6.0,Poor
1140,729.6,110,77.30618182,135.0,259.9342105,38.896,3.640610452,40.0,7.0,Poor
624,399.36,100,45.09527273,92.0,139.9671053,19.448,3.381014248,24.0,1.0,Moderate
1027,657.28,140,41.67286364,107.0,299.9424342,34.034,2.686191595,64.0,6.0,Poor
564,360.96,50,5.234272727,70.0,179.9671053,19.448,2.268682068,40.0,2.0,Moderate
1083,693.12,170,62.40863636,30.0,539.8355263,97.24,0.561387435,56.0,2.0,Poor
973,622.72,100,62.81127273,165.0,120.0,5.0,6.548856666,48.0,14.0,Poor
1458,933.12,240,18.31995455,202.0,399.9177632,48.62,4.391755826,80.0,14.0,Poor
1234,789.76,140,22.74895455,165.0,199.9424342,34.034,5.073452757,24.0,45.0,Poor
1265,809.6,120,46.5045,200.0,219.9342105,38.896,5.863484282,24.0,13.0,Poor
742,474.88,120,43.68604545,52.0,279.9506579,29.172,1.351247058,64.0,4.0,Moderate
1087,695.68,150,82.54045455,112.0,299.9342105,38.896,2.811753112,56.0,2.0,Poor
1057,676.48,150,62.81127273,114.0,379.9013158,58.344,2.542972223,56.0,4.0,Poor
550,352.0,30,24.76213636,61.0,159.9506579,29.172,2.097050957,16.0,8.0,Moderate
1664,1064.96,230,177.16,188.0,439.9013158,58.344,3.897197208,80.0,8.0,Poor
923,590.72,110,72.87718182,114.0,259.9424342,34.034,3.07424464,48.0,6.0,Poor
1053,673.92,110,46.30318182,133.0,259.9424342,34.034,3.586618747,48.0,7.0,Poor
307,196.48,20,5.435590909,42.0,99.96710526,19.448,1.826387374,8.0,2.0,Moderate
1280,819.2,150,43.08209091,136.0,359.9095395,53.482,3.116839172,56.0,3.0,Poor
1857,1188.48,340,26.574,214.0,459.8930921,63.206,4.338678745,80.0,12.0,Poor
3290,2105.6,720,1.06296,714.8001947,99.99177632,4.862,31.0795473,32.0,5.9,Bad
2000,1280.0,340,149.92165,92.84248259,799.7286184,160.446,1.427406237,56.0,6.6,Poor
2120,1356.8,390,21.812825,196.2029156,639.8519737,87.516,3.372390552,112.0,3.3,Poor
2890,1849.6,600,68.2066,218.734442,979.7203947,165.308,3.038353229,120.0,3.3,Bad
1304,834.56,190,77.9504,44.22634977,559.9588816,24.31,0.812596957,184.0,1.89,Poor
2780,1779.2,370,134.6416,568.3305615,159.9588816,24.31,19.53750018,24.0,6.6,Bad
1266,810.24,180,183.13915,100.0220632,419.9342105,38.896,2.122156188,104.0,1.53,Poor
583,373.12,30,46.5045,24.83216741,239.9588816,24.31,0.696976888,56.0,0.37,Moderate
1649,1055.36,260,153.90775,106.2358424,599.8026316,116.688,1.885988528,48.0,1.56,Poor
3380,2163.2,570,154.5721,589.2740193,359.8848684,68.068,13.50540662,32.0,51.6,Bad
3260,2086.4,550,126.00505,409.5295499,739.7779605,131.274,6.546462941,80.0,12.7,Bad
1685,1078.4,80,108.5105,279.7578626,239.9424342,34.034,7.852373252,40.0,2.2,Poor
1509,965.76,200,92.5661,87.94870116,559.8930921,63.206,1.616028589,120.0,8.57,Poor
923,590.72,50,65.1063,75.48433963,299.9342105,38.896,1.895029704,56.0,1.63,Poor
1059,677.76,150,80.38635,33.46075998,459.8930921,63.206,0.678390131,80.0,1.69,Poor
1305,835.2,220,77.5075,79.92125619,479.9506579,29.172,1.586120469,144.0,4.17,Poor
1185,758.4,170,70.4211,107.3902156,359.9424342,34.034,2.461049525,88.0,3.93,Poor
980,627.2,50,12.246185,70.54645356,339.9013158,58.344,1.663684335,40.0,1.28,Poor
985,630.4,70,52.97084,80.46929257,319.9342105,38.896,1.956014214,64.0,2.0,Poor
3590,2297.6,720,143.9425,409.1738344,679.8355263,97.24,6.823042712,112.0,190.5,Bad
624,399.36,60,34.5462,42.2707476,219.9917763,4.862,1.239107169,80.0,2.53,Moderate
935,598.4,80,33.88185,77.92151393,299.9671053,19.448,1.956107552,88.0,2.2,Poor
1218,779.52,100,81.9365,106.1481337,379.9342105,38.896,2.367719913,88.0,3.44,Poor
522,334.08,30,5.602685,19.47194868,219.9753289,14.586,0.570813969,64.0,1.02,Moderate
684,437.76,40,50.9335,45.93396045,239.9753289,14.586,1.289207307,72.0,4.37,Moderate
940,601.6,80,17.250955,51.24898723,359.9259868,43.758,1.174494127,72.0,2.63,Poor
881,563.84,40,14.460685,65.56554923,299.9671053,19.448,1.645928827,88.0,1.88,Poor
639,408.96,50,15.169325,37.77247864,239.9671053,19.448,1.060160922,64.0,0.48,Moderate
685,438.4,20,8.63655,47.25617918,239.9588816,24.31,1.326362864,56.0,2.53,Moderate
959,613.76,100,39.19665,65.10218026,339.9424342,34.034,1.535200161,80.0,2.21,Poor
600,384.0,60,35.432,27.65815402,239.9835526,9.724,0.776255367,80.0,2.26,Moderate
1020,652.8,100,106.7389,52.25441718,399.9177632,48.62,1.136082382,80.0,1.24,Poor
443,283.52,20,31.003,57.0,119.9671053,19.448,2.262642445,16.0,3.0,Moderate
722,462.08,70,31.40563636,89.0,199.9506579,29.172,2.736533392,32.0,5.0,Moderate
666,426.24,50,45.49790909,75.0,179.9506579,29.172,2.430841869,24.0,4.0,Moderate
872,558.08,80,142.3319545,114.0,219.9424342,34.034,3.342123558,32.0,2.0,Poor
352,225.28,20,20.73577273,44.0,99.97532895,14.586,1.913279506,16.0,4.0,Moderate
2430,1555.2,400,221.45,129.4793928,939.6628289,199.342,1.8364825,48.0,4.7,Bad
1014,648.96,190,62.006,100.3156578,279.9259868,43.758,2.606869437,40.0,11.0,Poor
940,601.6,120,86.3655,84.85990054,279.9917763,4.862,2.204966748,104.0,8.0,Poor
2530,1619.2,380,243.595,168.6257531,899.8190789,106.964,2.444097167,184.0,8.8,Bad
1092,698.88,80,12.4012,94.36825248,339.9177632,48.62,2.225415695,56.0,5.0,Poor
1435,918.4,150,66.435,125.7870809,439.84375,92.378,2.607708184,24.0,8.9,Poor
1100,704.0,130,57.577,60.61068885,419.9013158,58.344,1.286020128,72.0,3.0,Poor
1030,659.2,130,93.009,35.72279257,439.9342105,38.896,0.740497673,112.0,2.0,Poor
1055,675.2,90,110.725,48.39248297,419.9013158,58.344,1.026777757,72.0,6.0,Poor
695,444.8,70,27.4598,40.70985836,259.9177632,48.62,1.097877222,24.0,2.0,Moderate
1705,1091.2,220,35.432,164.0807686,499.8519737,87.516,3.190870214,56.0,3.5,Poor
1725,1104.0,190,53.148,102.3019911,639.7779605,131.274,1.758496923,40.0,7.0,Poor
1412,903.68,160,263.5255,115.8534108,459.9259868,43.758,2.348751193,112.0,1.0,Poor
922,590.08,130,95.2235,103.5167455,239.9342105,38.896,2.905605748,32.0,0.5,Poor
967,618.88,20,64.2205,22.00807446,439.8519737,87.516,0.456247963,32.0,0.5,Poor
1285,822.4,70,28.98981818,200.0,239.9259868,43.758,5.613885037,24.0,2.0,Poor
612,391.68,40,53.34931818,74.0,159.9588816,24.31,2.543898061,24.0,2.0,Moderate
702,449.28,40,54.55722727,84.0,179.9753289,14.586,2.722356283,48.0,2.0,Moderate
549,351.36,30,25.36609091,51.0,179.9506579,29.172,1.652972471,24.0,1.0,Moderate
679,434.56,40,21.74236364,68.0,199.9424342,34.034,2.0908775,24.0,0.3,Moderate
674,431.36,30,16.30677273,55.0,239.9259868,43.758,1.543818385,32.0,15.0,Moderate
1846,1181.44,260,82.54045455,249.0,379.9013158,58.344,5.554386698,56.0,2.0,Poor
1296,829.44,30,6.844818182,141.0,379.8848684,68.068,3.145323206,40.0,2.0,Poor
1135,726.4,70,64.42181818,92.0,359.8930921,63.206,2.108498207,40.0,1.0,Poor
1212,775.68,90,68.44818182,59.0,479.8601974,82.654,1.171026738,56.0,3.0,Poor
1096,701.44,50,70.46136364,103.0,319.8848684,68.068,2.503874402,16.0,1.0,Poor
1896,1213.44,260,82.54045455,306.0,259.9259868,43.758,8.252180899,32.0,9.0,Poor
212,135.68,20,22.54763636,22.0,59.98355263,9.724,1.235033542,8.0,1.0,Good
1774,1135.36,260,102.6722727,166.0,519.8519737,87.516,3.165486046,64.0,2.0,Poor
398,254.72,50,1.99305,35.93565348,119.9917763,4.862,1.426336413,40.0,2.25,Moderate
637,407.68,50,1.10725,63.72342624,179.9588816,24.31,2.065307109,32.0,2.5,Moderate
711,455.04,100,7.0864,71.00984334,199.9671053,19.448,2.183290066,48.0,3.69,Moderate
517,330.88,40,1.99305,53.76548932,139.9835526,9.724,1.975773977,40.0,3.3,Moderate
1941,1242.24,250,14.6157,274.7317129,379.8930921,63.206,6.128444532,48.0,2.4,Poor
1546,989.44,270,188.2325,99.51565681,559.8519737,87.516,1.82863476,80.0,3.55,Poor
1669,1068.16,350,133.7558,64.66671084,699.8355263,97.24,1.062808314,120.0,1.9,Poor
1473,942.72,280,93.67335,119.9665707,479.9095395,53.482,2.380963386,104.0,2.47,Poor
1211,775.04,190,39.861,156.5653097,259.9424342,34.034,4.222105826,48.0,8.8,Poor
1856,1187.84,350,108.0676,174.6639509,519.8519737,87.516,3.330700599,64.0,29.5,Poor
1974,1263.36,350,107.6247,263.9425723,419.8848684,68.068,5.600367115,56.0,2.5,Poor
1667,1066.88,330,188.2325,119.4802649,579.8190789,106.964,2.157357356,56.0,1.78,Poor
758,485.12,70,21.33972727,52.0,259.9259868,43.758,1.402331395,32.0,4.0,Poor
678,433.92,80,12.28040909,84.0,199.9588816,24.31,2.582742449,40.0,1.0,Moderate
2783,1781.12,540,3.019772727,576.0,219.9259868,43.758,16.88715045,16.0,4.0,Bad
1255,803.2,170,18.52127273,174.0,259.9424342,34.034,4.692268135,48.0,1.0,Poor
528,337.92,60,43.48472727,40.0,239.9506579,29.172,1.122719286,48.0,6.0,Moderate
689,440.96,60,2.818454545,36.0,259.9424342,34.034,0.970814097,48.0,2.0,Moderate
802,513.28,30,14.1728,92.85292624,199.9588816,24.31,2.854942787,40.0,2.5,Poor
841,538.24,90,20.59485,65.52229149,279.9506579,29.172,1.702630839,64.0,1.81,Poor
1090,697.6,110,17.49455,95.48600542,339.9177632,48.62,2.251774824,56.0,2.31,Poor
804,514.56,130,19.9305,56.94063963,279.9342105,38.896,1.479675616,48.0,1.8,Poor
1450,928.0,280,101.867,105.2190557,499.8684211,77.792,2.046155867,72.0,2.85,Poor
2070,1324.8,400,143.9425,201.693798,599.8519737,87.516,3.580491623,96.0,5.5,Bad
1350,864.0,130,26.574,100.9264493,459.8766447,72.93,2.046239583,64.0,1.93,Poor
870,556.8,170,29.89575,74.57495511,259.9671053,19.448,2.01097173,72.0,13.5,Poor
830,531.2,150,20.15195,72.73548026,259.9424342,34.034,1.961461933,48.0,0.85,Poor
2830,1811.2,590,232.5225,305.9359156,759.8519737,87.516,4.82545345,160.0,3.3,Bad
2110,1350.4,480,155.015,119.7580697,799.8355263,97.24,1.841096727,160.0,4.2,Poor
1721,1101.44,320,201.5195,138.4252969,559.8684211,77.792,2.543575549,96.0,6.5,Poor
714,456.96,40,24.8024,63.58111447,219.9588816,24.31,1.863929787,48.0,1.87,Moderate
1310,838.4,170,155.015,91.93025039,459.8601974,82.654,1.863878919,48.0,1.44,Poor
350,224.0,30,13.7299,25.34785991,119.9835526,9.724,1.006126537,32.0,1.3,Moderate
2920,1868.8,770,186.018,169.4580472,1099.819079,106.964,2.221640259,264.0,5.0,Bad
382,244.48,30,2.87885,22.0852428,139.9753289,14.586,0.811612251,32.0,3.85,Moderate
710,454.4,80,37.6465,44.80065673,259.9424342,34.034,1.20814192,48.0,0.95,Moderate
381,243.84,40,2.43595,21.8373952,139.9835526,9.724,0.802480508,40.0,3.87,Moderate
870,556.8,50,9.07945,80.39848452,259.9671053,19.448,2.168007735,72.0,3.6,Poor
1085,694.4,120,12.62265,158.9467674,199.9588816,24.31,4.887125755,40.0,1.9,Poor
2250,1440.0,460,54.9196,189.9321594,719.9013158,58.344,3.077755998,192.0,2.7,Bad
412,263.68,30,2.2145,19.80130163,159.9753289,14.586,0.680674369,40.0,3.94,Moderate
1668,1067.52,240,143.0567,99.84615619,619.9506579,29.172,1.743512044,200.0,4.17,Poor
1051,672.64,50,50.71205,105.5447845,299.9671053,19.448,2.649550036,88.0,1.05,Poor
1411,903.04,200,38.0894,151.7265771,379.9013158,58.344,3.384530448,56.0,2.2,Poor
240,153.6,20,79.35580223,19.0,79.97532895,14.586,0.923735741,16.0,1.0,Good
340,217.6,30,9.8080205,33.0,99.98355263,9.724,1.434900615,24.0,1.0,Moderate
1612,1031.68,250,10.69965873,223.0,339.9013158,58.344,5.258968919,40.0,0.5,Poor
1569,1004.16,110,45.47354959,257.0,239.9424342,34.034,7.213595024,40.0,11.0,Poor
1059,677.76,150,101.20265,69.39478669,359.9342105,38.896,1.590330711,80.0,18.77,Poor
1574,1007.36,210,73.5214,73.42677121,619.9013158,58.344,1.282228177,152.0,12.0,Poor
1986,1271.04,320,137.52045,82.90497879,819.7861842,126.412,1.258932598,120.0,2.28,Poor
2060,1318.4,330,223.88595,98.97333282,819.7697368,136.136,1.502949603,104.0,4.2,Poor
1475,944.0,130,58.24135,84.12445627,559.8601974,82.654,1.545804751,88.0,1.67,Poor
2742,1754.88,600,84.151,240.9355435,859.7861842,126.412,3.572545807,136.0,0.9,Bad
1299,831.36,130,52.2622,135.3795653,359.9013158,58.344,3.102655538,48.0,1.4,Poor
1592,1018.88,240,108.73195,130.537583,519.9013158,58.344,2.489128244,112.0,0.22,Poor
2870,1836.8,420,256.66055,243.8144868,899.7532895,145.86,3.5340277,120.0,15.3,Bad
1169,748.16,80,104.5244,13.34107229,559.8848684,68.068,0.245139636,112.0,1.14,Poor
1287,823.68,150,85.4797,21.71424667,599.8273026,102.102,0.385481745,72.0,2.27,Poor
3730,2387.2,620,664.35,218.9643425,1399.712171,170.17,2.544639075,280.0,6.2,Bad
1012,647.68,130,13.46416,77.89601718,339.9177632,48.62,1.836963329,56.0,1.41,Poor
1705,1091.2,20,143.0567,375.8479706,40.0,5.0,25.83773133,8.0,3.1,Bad
430,275.2,40,0.8858,33.75748878,139.9917763,4.862,1.24048362,48.0,2.95,Moderate
1764,1128.96,310,34.878375,115.1167124,639.9013158,58.344,1.978581939,160.0,0.52,Poor
1409,901.76,200,39.19665,114.6073525,459.9177632,48.62,2.323510034,104.0,1.94,Poor
1830,1171.2,320,48.719,175.8569102,539.9342105,38.896,3.290494579,152.0,1.5,Poor
2530,1619.2,310,284.3418,483.7845573,219.9342105,38.896,14.18331574,24.0,4.7,Bad
1450,928.0,80,29.6743,289.6110546,99.97532895,14.586,12.59333853,16.0,2.1,Poor
1163,744.32,60,94.55915,102.959453,359.9095395,53.482,2.359618061,56.0,2.8,Poor
1161,743.04,130,58.68425,112.0377129,339.8930921,63.206,2.64219721,32.0,2.23,Poor
1480,947.2,180,198.19775,94.43889745,539.8601974,82.654,1.767186632,80.0,1.75,Poor
823,526.72,60,133.7558,23.38753429,359.9259868,43.758,0.535981746,72.0,3.79,Poor
745,476.8,20,14.1728,152.4908123,39.99177632,4.862,10.48408406,8.0,3.7,Moderate
3450,2208.0,370,134.6416,696.9715615,159.9588816,24.31,23.95979194,24.0,52.5,Bad
1241,794.24,150,7.5293,57.93682515,499.9753289,14.586,1.126555441,176.0,0.61,Poor
406,259.84,60,1.660875,37.61758289,119.9917763,4.862,1.493094547,40.0,2.55,Moderate
2740,1753.6,440,558.054,219.6721916,859.8601974,82.654,3.257116733,208.0,36.2,Bad
1292,826.88,210,24.58095,96.02446958,439.9259868,43.758,1.990509581,104.0,2.96,Poor
2810,1798.4,770,20.28482,98.93572639,1199.777961,131.274,1.241866382,264.0,3.28,Bad
2670,1708.8,520,37.95653,332.9725306,619.8930921,63.206,5.814631174,144.0,3.6,Bad
1320,844.8,200,77.0646,94.19945782,459.9259868,43.758,1.909750325,112.0,1.48,Poor
1497,958.08,170,2.6574,216.7556348,279.9177632,48.62,5.632838903,32.0,3.8,Poor
1926,1232.64,320,106.296,176.2833391,579.9424342,34.034,3.182665443,176.0,7.4,Poor
1411,903.04,210,25.001705,150.5274091,379.9506579,29.172,3.357562844,104.0,4.2,Poor
1620,1036.8,320,45.84015,97.78230805,599.9671053,19.448,1.735676279,208.0,4.35,Poor
1767,1130.88,350,9.96525,247.0493225,339.9259868,43.758,5.825908343,64.0,12.0,Poor
1352,865.28,200,58.9057,143.7238086,359.9588816,24.31,3.293627153,104.0,8.1,Poor
487,311.68,80,2.546675,37.38850751,159.9753289,14.586,1.285238679,40.0,3.66,Moderate
781,499.84,90,60.89875,77.82966687,219.9671053,19.448,2.281594524,56.0,4.1,Poor
2270,1452.8,510,12.22404,239.8172365,619.8930921,63.206,4.187879333,144.0,4.0,Bad
809,517.76,20,46.5045,37.40802198,319.9342105,38.896,0.909298695,64.0,5.7,Poor
2020,1292.8,330,117.58995,374.3006246,159.9835526,9.724,12.86634071,48.0,36.3,Poor
1715,1097.6,260,217.9068,109.7419942,619.9095395,53.482,1.916376568,160.0,5.94,Poor
691,442.24,40,3.63178,104.575608,119.9671053,19.448,4.151179114,16.0,1.29,Moderate
2380,1523.2,430,96.77365,284.1420921,579.8519737,87.516,5.130375677,88.0,3.4,Bad
1310,838.4,220,9.07945,87.13108243,459.9095395,53.482,1.766481381,96.0,9.56,Poor
4850,3104.0,950,420.755,366.6563255,1399.613487,228.514,4.261154552,184.0,197.5,Bad
2260,1446.4,440,376.465,71.86106115,979.7861842,126.412,0.998159936,184.0,4.14,Bad
1248,798.72,270,83.04375,58.30705248,499.9177632,48.62,1.133819619,120.0,2.79,Poor
920,588.8,140,2.87885,101.9702086,239.9588816,24.31,2.862048949,56.0,2.32,Poor
879,562.56,20,14.83715,83.4421257,259.9671053,19.448,2.250081889,72.0,1.98,Poor
1170,748.8,60,29.2314,150.7620236,259.9095395,53.482,4.06586554,16.0,2.5,Poor
1704,1090.56,350,192.88295,180.0455177,459.9095395,53.482,3.650213517,96.0,7.2,Poor
1596,1021.44,190,144.16395,111.6911638,559.8355263,97.24,2.052394078,64.0,2.61,Poor
1878,1201.92,240,42.0755,215.3232932,479.8355263,97.24,4.273827386,32.0,0.36,Poor
957,612.48,120,55.3625,100.1396797,259.9506579,29.172,2.70042986,56.0,4.41,Poor
3500,2240.0,720,310.03,422.9361745,839.7615132,140.998,6.345546243,104.0,6.5,Bad
645,412.8,50,32.21090909,53.0,239.9342105,38.896,1.48765404,32.0,3.0,Moderate
654,418.56,40,46.10186364,61.0,239.9342105,38.896,1.712205593,32.0,2.0,Moderate
590,377.6,40,44.29,59.0,199.9424342,34.034,1.814143713,24.0,2.0,Moderate
918,587.52,90,27.17795455,87.0,299.9095395,53.482,2.184219483,32.0,5.0,Poor
554,354.56,60,34.42540909,63.0,179.9506579,29.172,2.04190717,24.0,1.0,Moderate
441,282.24,70,27.58059091,57.0,119.9753289,14.586,2.262564897,24.0,3.0,Moderate
446,285.44,20,7.650090909,41.0,139.9588816,24.31,1.506800616,16.0,3.0,Moderate
620,396.8,70,43.88736364,69.0,219.9424342,34.034,2.022864259,32.0,2.0,Moderate
342,218.88,30,2.617136364,43.0,99.97532895,14.586,1.869795881,16.0,2.0,Moderate
546,349.44,40,32.41222727,60.0,179.9506579,29.172,1.944673495,24.0,2.0,Moderate
1095,700.8,170,182.7969091,148.0,359.8930921,63.206,3.391931898,40.0,3.0,Poor
1302,833.28,140,209.27025,79.85293591,479.9013158,58.344,1.58484605,96.0,3.14,Poor
2430,1555.2,470,78.8362,147.4961885,899.7286184,160.446,2.137948277,96.0,5.3,Bad
1856,1187.84,250,162.5443,171.5126738,559.9506579,29.172,3.151327228,176.0,3.5,Poor
1173,750.72,230,8.437245,87.66690542,399.9177632,48.62,1.905998231,80.0,1.46,Poor
587,375.68,40,12.97697,34.05380163,219.9753289,14.586,0.99827634,64.0,1.9,Moderate
1728,1105.92,300,240.4947,95.43079899,659.9259868,43.758,1.615150918,192.0,4.11,Poor
649,415.36,70,37.42505,38.98749683,239.9588816,24.31,1.094281613,56.0,2.37,Moderate
1778,1137.92,300,122.6833,121.9907584,579.9177632,48.62,2.202499859,152.0,41.27,Poor
1919,1228.16,260,38.75375,215.73876,499.8930921,63.206,4.195287948,96.0,0.16,Poor
1404,898.56,260,189.1183,76.33240433,539.9342105,38.896,1.428271214,152.0,2.46,Poor
1506,963.84,180,186.23945,107.1757466,519.9177632,48.62,2.043625691,128.0,5.96,Poor
1161,743.04,140,125.56215,84.98350433,399.9342105,38.896,1.847619434,96.0,1.27,Poor
1356,867.84,180,79.2791,111.5437787,439.8766447,72.93,2.312341986,56.0,1.89,Poor
1007,644.48,160,56.91265,104.2529963,279.9671053,19.448,2.708988779,80.0,1.51,Poor
1475,944.0,280,10.6296,157.598808,399.9671053,19.448,3.426201927,128.0,1.8,Poor
1339,856.96,150,65.9921,70.41989156,519.8601974,82.654,1.342839885,72.0,2.54,Poor
1778,1137.92,300,122.6833,121.9907584,579.9177632,48.62,2.202499859,152.0,41.27,Poor
1249,799.36,200,17.93745,67.8796969,479.8684211,77.792,1.347258626,64.0,2.59,Poor
1174,751.36,90,41.41115,104.6739926,359.9342105,38.896,2.398829551,80.0,4.21,Poor
1268,811.52,170,105.18875,80.5001113,459.9177632,48.62,1.632031561,104.0,4.24,Poor
1549,991.36,320,56.2483,109.548683,539.9013158,58.344,2.049850234,120.0,3.28,Poor
813,520.32,30,14.239235,59.43722198,279.9342105,38.896,1.544552514,48.0,1.11,Poor
1186,759.04,90,34.302605,154.8754567,259.9424342,34.034,4.176535463,48.0,1.8,Poor
1552,993.28,270,31.003,209.0,299.9177632,48.62,5.247076015,40.0,28.0,Poor
763,488.32,120,17.11204545,84.0,199.9506579,29.172,2.582795561,32.0,10.0,Poor
1699,1087.36,190,1.811863636,136.0,279.9259868,43.758,3.534186498,40.0,1.0,Poor
1250,800.0,230,89.18395455,182.0,219.9588816,24.31,5.335471453,48.0,8.0,Poor
1210,774.4,180,110.9263182,145.0,239.9506579,29.172,4.06985741,48.0,21.0,Poor
580,371.2,10,33.2175,14.1310685,259.9424342,34.034,0.381073347,48.0,1.75,Moderate
1872,1198.08,270,239.166,121.5265423,679.8930921,63.206,2.026389802,168.0,1.0,Poor
900,576.0,80,40.52535,32.06496904,379.9342105,38.896,0.71523505,88.0,3.8,Poor
463,296.32,70,2.6574,41.8859952,139.9835526,9.724,1.539226377,40.0,2.17,Moderate
955,611.2,50,35.432,82.63768615,299.9424342,34.034,2.074585588,64.0,2.1,Bad
1870,1196.8,380,272.3835,101.4417798,719.8601974,82.654,1.643860438,152.0,3.1,Poor
2350,1504.0,530,205.9485,257.8130012,619.8930921,63.206,4.50213569,144.0,5.0,Bad
1262,807.68,180,42.29695,98.64370488,419.9259868,43.758,2.092932218,96.0,2.3,Poor
1130,723.2,150,88.58,76.98178831,399.9095395,53.482,1.673706403,72.0,2.65,Poor
1943,1243.52,340,101.867,257.3996798,419.8601974,82.654,5.461699647,32.0,1.4,Poor
970,620.8,60,59.7915,94.31462036,279.9588816,24.31,2.45077849,72.0,3.8,Poor
1184,757.76,110,108.5105,51.88061293,479.8930921,63.206,1.029686486,88.0,4.1,Poor
1010,646.4,80,25.46675,141.4692268,199.9506579,29.172,4.349834416,32.0,2.0,Poor
4860,3110.4,1050,44.29,161.7915062,2099.638158,213.928,1.535167097,488.0,2.3,Bad
1734,1109.76,310,106.296,97.65486215,659.8601974,82.654,1.652875221,128.0,2.75,Poor
473,302.72,20,9.7438,25.95773746,179.9671053,19.448,0.841283622,40.0,1.93,Moderate
1033,661.12,170,70.864,55.10541238,399.9013158,58.344,1.198091547,64.0,1.54,Poor
782,500.48,30,84.151,33.36323429,319.9259868,43.758,0.810990095,56.0,1.92,Poor
1090,697.6,70,77.5075,39.58012307,459.9177632,48.62,0.802433798,104.0,3.51,Poor
1466,938.24,210,70.864,118.3005616,479.8684211,77.792,2.347998877,64.0,2.57,Poor
1961,1255.04,270,139.5135,136.6798124,419.9013158,58.344,2.900032869,72.0,213.7,Poor
617,394.88,60,3.76465,31.34381556,239.9424342,34.034,0.879772731,40.0,2.74,Moderate
749,479.36,80,70.864,43.85447438,279.9424342,34.034,1.139598075,56.0,2.32,Moderate
982,628.48,220,20.8163,88.21230163,299.9753289,14.586,2.214412624,96.0,3.26,Poor
1486,951.04,200,34.1033,105.0818557,519.8684211,77.792,2.003794494,80.0,1.66,Poor
1349,863.36,180,46.28305,155.5836327,339.9506579,29.172,3.66883456,88.0,2.4,Poor
1860,1190.4,400,192.6615,208.3860012,479.8930921,63.206,4.13588501,88.0,5.0,Poor
1066,682.24,170,11.9583,89.49147492,339.9342105,38.896,2.110359254,72.0,3.01,Poor
619,396.16,80,14.1728,41.53655991,219.9835526,9.724,1.217608254,72.0,1.81,Moderate
920,588.8,140,19.0447,74.60801819,299.9917763,4.862,1.872849991,112.0,1.89,Poor
617,394.88,20,154.79355,22.93834923,259.9671053,19.448,0.618550447,72.0,1.37,Moderate
882,564.48,130,47.3903,74.85415728,279.9342105,38.896,1.945181368,48.0,2.15,Poor
1198,766.72,130,60.89875,111.089953,359.9095395,53.482,2.545952332,56.0,2.8,Poor
747,478.08,30,15.5015,52.41760271,259.9588816,24.31,1.413503828,64.0,2.6,Moderate
318,203.52,30,3.9861,26.43778932,99.98355263,9.724,1.149563641,24.0,2.45,Moderate
572,366.08,20,133.7558,20.88274977,239.9588816,24.31,0.586126604,56.0,2.74,Moderate
861,551.04,120,50.0477,70.29350433,279.9342105,38.896,1.826666947,48.0,1.61,Poor
383,245.12,20,3.9861,13.96250217,159.9671053,19.448,0.479976611,32.0,2.42,Moderate
1240,793.6,150,56.36909091,196.0,199.9753289,14.586,6.026151217,56.0,9.0,Poor
1009,645.76,210,34.82804545,179.0,200.0,5.0,5.503135384,80.0,7.0,Poor
726,464.64,30,64.42181818,116.0,139.9753289,14.586,4.262892735,32.0,5.0,Moderate
2019,1292.16,360,41.87418182,199.0,619.8273026,102.102,3.475280705,80.0,11.0,Poor
1556,995.84,230,102.6722727,136.0,439.9013158,58.344,2.819249044,80.0,34.0,Poor
903,577.92,130,52.34272727,132.0,239.9588816,24.31,3.704910155,56.0,2.0,Poor
990,633.6,40,65.9921,82.12910913,319.9506579,29.172,1.996309035,80.0,1.14,Poor
1363,872.32,260,41.85405,85.40600488,499.9259868,43.758,1.660763206,128.0,2.13,Poor
1019,652.16,70,28.7885,69.61665085,359.9424342,34.034,1.59539698,88.0,2.59,Poor
1600,1024.0,330,11.9583,168.1888332,439.9424342,34.034,3.486353295,120.0,1.9,Poor
1292,826.88,130,9.52235,105.7912749,419.9342105,38.896,2.244560866,104.0,1.99,Poor
953,609.92,50,26.1311,36.05333963,399.9342105,38.896,0.783832715,96.0,2.31,Poor
1544,988.16,290,60.2344,106.0090289,539.9177632,48.62,1.983586813,136.0,7.31,Poor
610,390.4,70,50.9335,48.81981502,199.9506579,29.172,1.501090494,32.0,1.54,Moderate
1330,851.2,250,152.8005,114.0632183,419.9013158,58.344,2.420160493,72.0,2.96,Poor
670,428.8,60,6.42205,81.55781502,159.9506579,29.172,2.803785148,16.0,0.86,Moderate
980,627.2,230,15.72295,51.42502361,379.9095395,53.482,1.147113958,64.0,2.5,Poor
1371,877.44,300,31.4459,67.52827872,539.8766447,72.93,1.263602783,96.0,4.44,Poor
660,422.4,50,31.22445,50.60750271,219.9588816,24.31,1.483598275,48.0,2.6,Moderate
1705,1091.2,220,126.2265,100.4303429,639.8848684,68.068,1.726180432,144.0,2.2,Poor
670,428.8,20,77.5075,17.37714551,299.9342105,38.896,0.436252169,56.0,0.5,Moderate
345,220.8,50,2.2145,43.88047755,59.98355263,9.724,2.463357347,8.0,14.74,Moderate
595,380.8,10,14.83715,27.64329683,239.9588816,24.31,0.775878266,56.0,0.33,Moderate
610,390.4,60,50.9335,21.4156161,259.9342105,38.896,0.577525302,40.0,1.22,Moderate
1364,872.96,280,84.151,75.58033274,519.8601974,82.654,1.441244556,72.0,3.64,Poor
260,166.4,20,33.2175,5.076154025,119.9835526,9.724,0.201486567,32.0,0.22,Moderate
1483,949.12,310,44.29,122.5261322,479.8684211,77.792,2.431866906,64.0,2.1,Poor
450,288.0,40,31.22445,21.54214977,179.9588816,24.31,0.698191508,32.0,0.36,Moderate
370,236.8,10,44.29,12.02327167,159.9835526,9.724,0.41329215,48.0,0.57,Moderate
1164,744.96,120,0.68665,123.0606578,320.0,43.758,2.991345915,56.0,0.29,Poor
2820,1804.8,460,88.6,322.1284826,720.0,160.446,5.220557757,24.0,3.2,Bad
1388,888.32,190,1.17395,173.7189712,320.0,58.344,4.222905856,32.0,2.65,Poor
1260,806.4,250,27.5546,125.9555755,360.0,43.758,2.886575747,72.0,2.0,Poor
1970,1260.8,320,127.584,224.302459,500.0,106.964,4.362141847,24.0,5.8,Poor
1215,777.6,240,69.7725,97.37056424,400.0,48.62,2.116969024,80.0,1.55,Poor
2430,1555.2,380,170.7765,273.3512098,600.0,87.516,4.852562282,96.0,25.85,Bad
3814,2440.96,630,287.2810455,426.0,839.7697368,136.136,6.391483222,112.0,132.0,Bad
462,295.68,50,44.49131818,44.0,179.9424342,34.034,1.426126483,16.0,3.0,Moderate
425,272.0,40,34.82804545,36.0,159.9506579,29.172,1.237603843,16.0,2.0,Moderate
340,217.6,40,76.29959091,67.0,139.9588816,24.31,2.462332714,16.0,1.0,Moderate
1127,721.28,120,69.25345455,116.0,319.9013158,58.344,2.819824892,32.0,7.0,Poor
1485,950.4,140,151.5925909,193.0,359.8848684,68.068,4.423313079,32.0,2.0,Poor
722,462.08,50,42.47813636,72.0,199.9424342,34.034,2.213870294,24.0,5.0,Moderate
1244,796.16,170,37.24386364,134.0,319.9095395,53.482,3.25734206,40.0,46.0,Poor
1381,883.84,260,47.51109091,154.0,399.9013158,58.344,3.348239135,64.0,8.0,Poor
1118,715.52,170,2.415818182,128.0,299.9095395,53.482,3.213564297,32.0,8.0,Poor
1394,892.16,200,47.10845455,152.0,419.9013158,58.344,3.225092194,72.0,2.0,Poor
717,458.88,140,22.34631818,61.0,259.9342105,38.896,1.645016575,40.0,2.0,Moderate
1510,966.4,240,130.8568182,120.0,479.8930921,63.206,2.381667667,88.0,9.0,Poor
1128,721.92,210,48.92031818,111.0,319.9259868,43.758,2.698176675,56.0,8.0,Poor
750,480.0,20,5.636909091,58.0,239.9259868,43.758,1.628026661,24.0,7.0,Poor
946,605.44,90,27.37927273,75.0,339.8848684,68.068,1.768754314,24.0,6.0,Poor
2315,1481.6,340,134.8831818,256.0,459.9259868,43.758,5.190009525,112.0,102.0,Bad
700,448.0,80,19.9305,61.0,239.9259868,43.758,1.712234936,24.0,5.0,Moderate
1780,1139.2,250,7.9722,204.088137,439.8848684,68.068,4.230779719,64.0,12.0,Poor
2850,1824.0,580,7.30785,264.1625851,859.8684211,77.792,3.916764593,216.0,4.0,Bad
1812,1159.68,170,7.30785,142.7847594,559.9013158,58.344,2.623603938,128.0,35.0,Poor
1610,1030.4,120,6.42205,205.8761231,339.9177632,48.62,4.855022145,56.0,20.0,Poor
2110,1350.4,390,7.9722,135.2891455,759.9342105,38.896,2.133767617,240.0,9.0,Poor
2010,1286.4,480,0.66435,124.8112546,739.8848684,68.068,1.995004318,184.0,3.0,Poor
870,556.8,30,26.1311,35.94681076,359.9259868,43.758,0.823807852,72.0,1.0,Poor
2280,1459.2,370,21.2592,251.3515851,599.8684211,77.792,4.461961231,112.0,4.0,Bad
1950,1248.0,220,19.70905,148.257707,659.8930921,63.206,2.509300378,160.0,2.0,Poor
2330,1491.2,270,1.99305,175.2754183,759.8108553,111.826,2.764651726,120.0,28.0,Bad
1275,816.0,90,29.2314,147.2480573,319.9342105,38.896,3.579244751,64.0,3.0,Poor
5440,3481.6,1500,167.19475,597.8544632,1439.84375,92.378,6.850305768,424.0,6.0,Bad
1745,1116.8,320,121.7975,163.8370391,519.9424342,34.034,3.123968335,152.0,4.0,Poor
2355,1507.2,340,66.435,273.0,539.8601974,82.654,5.108508925,80.0,113.0,Bad
565,361.6,40,38.04913636,89.0,139.9917763,4.862,3.196981731,48.0,14.0,Moderate
766,490.24,20,41.27022727,39.0,199.9588816,24.31,1.199130423,40.0,10.0,Poor
555,355.2,20,14.09227273,40.0,199.9588816,24.31,1.229877357,40.0,5.0,Moderate
735,470.4,30,18.92390909,44.0,319.9424342,34.034,0.9965982,72.0,16.0,Moderate
875,560.0,80,49.72559091,66.0,299.9424342,34.034,1.631798632,64.0,17.0,Poor
2080,1331.2,370,143.7411818,163.0,639.8601974,82.654,2.801671553,120.0,13.0,Poor
585,374.4,30,13.48831818,28.0,259.9424342,34.034,0.755077631,48.0,4.0,Moderate
1285,822.4,210,102.0683182,98.0,499.8930921,63.206,1.905722546,96.0,20.0,Poor
274,175.36,40,1.24012,12.31,99.97532895,14.586,0.535283425,16.0,2.26,Moderate
1358,869.12,130,184.6893,115.0,419.8601974,82.654,2.440156336,32.0,30.07,Poor
510,326.4,10,0.4429,51.22,179.9342105,38.896,1.660178811,8.0,0.53,Moderate
1887,1207.68,290,118.2543,197.0,519.8190789,106.964,3.756749891,32.0,1.0,Poor
2880,1843.2,390,417.6547,230.0,919.6463816,209.066,3.297536161,24.0,12.6,Bad
798,510.72,70,13.86277,83.0,219.9342105,38.896,2.433345977,24.0,0.84,Poor
793,507.52,60,159.8869,17.04,259.9671053,19.448,0.459496868,72.0,70.39,Poor
4170,2668.8,790,272.8264,532.4,899.6792763,189.618,7.717317222,48.0,18.8,Bad
507,324.48,50,0.4429,37.38,159.9671053,19.448,1.28497926,32.0,14.08,Moderate
524,335.36,30,150.586,35.31,199.9671053,19.448,1.085651912,48.0,7.69,Moderate
503,321.92,40,4.11897,51.73,99.99177632,4.862,2.249222921,32.0,35.83,Moderate
2410,1542.4,390,343.2475,260.4,619.8848684,68.068,4.547342085,136.0,3.4,Bad
1710,1094.4,90,42.9613,263.8,320.0,72.93,6.41,8.0,11.4,Poor
433,277.12,30,24.04947,6.18,219.9424342,34.034,0.181178277,32.0,12.4,Moderate
390,249.6,30,20.93709091,43.0,99.98355263,9.724,1.869718983,24.0,8.0,Moderate
442,282.88,30,24.3595,46.0,119.9753289,14.586,1.825929566,24.0,7.0,Moderate
540,345.6,40,60.19413636,53.0,139.9671053,19.448,1.947758208,24.0,14.0,Moderate
1251,800.64,140,95.62613636,135.0,359.9177632,48.62,3.093885891,64.0,6.0,Poor
872,558.08,80,29.49714,72.0,239.9506579,29.172,2.020894714,48.0,27.0,Poor
1116,714.24,120,39.19665,79.0,439.9342105,38.896,1.637590792,112.0,0.96,Poor
814,520.96,90,29.40856,72.0,259.9342105,38.896,1.941658908,40.0,26.0,Poor
339,216.96,60,3.49891,29.0,139.9753289,14.586,1.065723184,32.0,2.43,Moderate
854,546.56,80,29.27569,72.0,259.9588816,24.31,1.94156677,64.0,25.76,Poor
1489,952.96,180,191.3328,87.0,519.9342105,38.896,1.658888588,144.0,1.42,Poor
868,555.52,80,31.09158,72.0,279.9342105,38.896,1.871012428,48.0,25.73,Poor
809,517.76,80,77.0646,70.0,259.9671053,19.448,1.887604504,72.0,10.97,Poor
3034,1941.76,670,29.19113636,523.0,599.9095395,53.482,9.283911009,152.0,47.0,Bad
864,552.96,110,59.7915,97.0,339.9424342,34.034,2.287395215,80.0,6.0,Poor
812,519.68,100,61.80468182,74.0,439.8848684,68.068,1.534031834,64.0,1.0,Poor
1442,922.88,130,13.08568182,231.0,399.8766447,72.93,5.022513632,40.0,6.0,Poor
1197,766.08,130,7.851409091,138.0,519.8108553,111.826,2.63165272,24.0,9.0,Poor
982,628.48,80,12.68304545,54.0,519.8601974,82.654,1.02972828,72.0,2.0,Poor
388,248.32,30,5.636909091,66.0,99.99177632,4.862,2.869683217,32.0,4.0,Moderate
1001,640.64,120,6.240863636,93.0,379.9424342,34.034,2.074417713,96.0,5.0,Poor
2744,1756.16,650,60.79809091,156.0,1139.851974,87.516,2.008965759,312.0,5.0,Bad
1108,709.12,110,24.3595,224.0,339.8930921,63.206,5.282615645,32.0,1.0,Poor
1289,824.96,160,141.3253636,168.0,499.8766447,72.93,3.267006681,80.0,5.0,Poor
752,481.28,50,40.86759091,107.0,299.9342105,38.896,2.68622842,56.0,2.0,Poor
875,560.0,50,32.21090909,104.0,399.8766447,72.93,2.261218259,40.0,7.0,Poor
1118,715.52,130,35.83463636,225.0,379.8766447,72.93,5.019187102,32.0,5.0,Poor
509,325.76,30,8.455363636,41.0,159.9671053,19.448,1.409420804,32.0,2.0,Moderate
1325,848.0,200,157.0281818,123.0,459.8601974,82.654,2.493815757,48.0,5.0,Poor
1179,754.56,150,106.6986364,133.0,339.9259868,43.758,3.136401273,64.0,3.0,Poor
1568,1003.52,200,195.2786364,209.0,279.9835526,9.724,5.430654706,96.0,51.0,Poor
508,325.12,30,20.53445455,46.0,139.9588816,24.31,1.690556788,16.0,18.0,Moderate
1242,794.88,110,33.01618182,171.0,299.9013158,58.344,4.293179914,24.0,5.0,Poor
1666,1066.24,230,58.38227273,231.0,339.8848684,68.068,5.447763288,24.0,10.0,Poor
2950,1888.0,610,93.009,561.0,179.9671053,19.448,18.18186629,40.0,7.8,Bad
2080,1331.2,430,120.20306,105.0,799.7944079,121.55,1.614255525,120.0,6.1,Poor
1030,659.2,130,11.64827,104.0,319.9177632,48.62,2.528053881,48.0,22.0,Poor
2714,1736.96,590,35.34342,199.0,899.7532895,145.86,2.884453345,120.0,1.8,Bad
753,481.92,100,76.1788,42.0,299.9671053,19.448,1.054349602,88.0,0.73,Poor
2016,1290.24,130,20.94917,363.0,219.9342105,38.896,10.64222397,24.0,3.5,Poor
1796,1149.44,310,241.07047,66.0,679.9506579,29.172,1.100467954,224.0,1.08,Poor
484,309.76,50,5.53625,46.0,159.9753289,14.586,1.581260745,40.0,2.03,Moderate
1601,1024.64,260,115.95122,56.0,639.9424342,34.034,0.962475618,200.0,5.1,Poor
4534,2901.76,800,168.21342,610.0,879.7861842,126.412,8.94156278,144.0,0.9,Bad
2898,1854.72,490,85.30254,395.0,539.8355263,97.24,7.391601223,56.0,14.4,Bad
1544,988.16,90,143.0567,36.0,699.7368421,155.584,0.5917078,24.0,1.4,Poor
1396,893.44,170,74.8501,96.42,479.8848684,68.068,1.913686367,80.0,3.22,Poor
997,638.08,90,79.2791,57.48,359.8930921,63.206,1.31735301,40.0,1.69,Poor
1289,824.96,250,35.8749,43.2,539.9013158,58.344,0.808348651,120.0,4.53,Poor
1250,800.0,220,40.7468,77.39,419.9095395,53.482,1.642022637,80.0,3.66,Poor
669,428.16,60,30.73726,16.0,299.9259868,43.758,0.401684523,48.0,2.36,Moderate
1565,1001.6,200,187.7896,160.0,439.8930921,63.206,3.316794584,72.0,2.9,Poor
2580,1651.2,500,16.3873,283.0,619.7861842,126.412,4.942397303,40.0,31.9,Bad
635,406.4,40,26.35255,48.36,219.9424342,34.034,1.417763994,32.0,2.02,Moderate
1239,792.96,240,53.148,50.0,499.9342105,38.896,0.972267436,136.0,3.15,Poor
1356,867.84,120,159.444,95.04,459.8930921,63.206,1.926859943,80.0,3.05,Poor
1450,928.0,280,94.7806,57.52,599.8273026,102.102,1.02112269,72.0,1.86,Poor
1036,663.04,170,17.14023,40.2,419.9095395,53.482,0.852943662,80.0,4.5,Poor
950,608.0,70,26.30826,71.14,339.9095395,53.482,1.677661539,48.0,2.53,Poor
770,492.8,80,10.05383,62.69,239.9588816,24.31,1.759551648,56.0,1.32,Poor
2480,1587.2,390,393.7381,29.37,1199.638158,213.928,0.368681185,128.0,5.4,Bad
710,454.4,20,0.93009,47.84,279.9506579,29.172,1.243147293,64.0,1.45,Moderate
423,270.72,50,8.32652,32.19,139.9835526,9.724,1.182917986,40.0,1.6,Moderate
654,418.56,40,32.7746,27.81,259.9753289,14.586,0.749906442,80.0,2.19,Moderate
1392,890.88,230,103.1957,40.0,619.8519737,87.516,0.698534984,104.0,0.64,Poor
480,307.2,30,22.145,48.0,139.9753289,14.586,1.763955614,32.0,5.0,Moderate
941,602.24,120,23.75554545,95.0,299.9259868,43.758,2.385001854,48.0,6.0,Poor
710,454.4,100,41.87418182,71.0,219.9588816,24.31,2.081420182,48.0,10.0,Moderate
1286,823.04,150,81.73518182,152.0,339.9342105,38.896,3.58441524,72.0,11.0,Poor
752,481.28,70,21.54104545,88.0,199.9588816,24.31,2.705730185,40.0,5.0,Poor
2290,1465.6,320,227.2077,147.0,859.8519737,87.516,2.179604282,200.0,5.6,Bad
1414,904.96,160,73.0785,96.0,539.8930921,63.206,1.796344016,112.0,1.76,Poor
2340,1497.6,280,211.2633,231.0,679.8766447,72.93,3.851847484,152.0,5.5,Bad
2420,1548.8,280,366.7212,173.0,839.8355263,97.24,2.595500675,176.0,8.5,Bad
771,493.44,60,26.75116,75.0,239.9671053,19.448,2.105026517,64.0,3.8,Poor
826,528.64,70,31.4459,81.0,259.9588816,24.31,2.184262617,64.0,3.9,Poor
1235,790.4,140,68.6495,70.5,519.8848684,68.068,1.344335578,96.0,0.4,Poor
350,224.0,40,4.16326,29.0,119.9835526,9.724,1.151090059,32.0,2.6,Moderate
1126,720.64,130,26.574,55.0,459.9095395,53.482,1.115061047,96.0,11.8,Poor
610,390.4,70,25.82107,29.16,259.9588816,24.31,0.786334542,64.0,1.3,Moderate
1120,716.8,120,13.41987,118.5,319.9342105,38.896,2.880448889,64.0,1.4,Poor
962,615.68,60,1.55015,75.0,339.9506579,29.172,1.768583156,88.0,6.63,Poor
3120,1996.8,500,420.755,212.0,1099.745066,150.722,2.779470147,192.0,7.5,Bad
1465,937.6,180,91.2374,87.2,519.9259868,43.758,1.662715275,136.0,0.6,Poor
1305,835.2,50,240.9376,41.3,599.8355263,97.24,0.733172427,80.0,0.6,Poor
928,593.92,20,2.617136364,135.0,279.9342105,38.896,3.508148302,48.0,5.0,Poor
818,523.52,40,43.48472727,55.0,359.9835526,9.724,1.260356844,128.0,3.0,Poor
878,561.92,40,45.09527273,40.0,379.9259868,43.758,0.892241985,80.0,3.0,Poor
457,292.48,20,25.36609091,27.0,239.9424342,34.034,0.757848504,40.0,3.0,Moderate
627,401.28,40,21.94368182,68.0,259.9671053,19.448,1.833672946,72.0,2.0,Moderate
795,508.8,50,15.90413636,74.0,279.9671053,19.448,1.922872021,80.0,49.0,Poor
891,570.24,130,45.09527273,98.0,279.9342105,38.896,2.546655804,48.0,6.0,Poor
885,566.4,70,22.34631818,92.0,299.9342105,38.896,2.309654342,56.0,2.0,Poor
1545,988.8,180,141.728,164.0,459.8848684,68.068,3.324998486,72.0,6.0,Poor
634,405.76,60,4.630318182,70.0,199.9506579,29.172,2.152329634,32.0,2.0,Moderate
910,582.4,80,44.08868182,104.0,279.9342105,38.896,2.702573507,48.0,4.0,Poor
1268,811.52,150,43.68604545,136.0,379.9095395,53.482,3.033688414,64.0,8.0,Poor
817,522.88,70,67.44159091,90.0,259.9424342,34.034,2.427035242,48.0,4.0,Poor
338,216.32,20,4.026363636,42.0,99.97532895,14.586,1.826312256,16.0,2.0,Moderate
611,391.04,40,9.65522,58.16,199.9753289,14.586,1.788168137,56.0,1.46,Moderate
1774,1135.36,200,80.6078,181.5,539.8601974,82.654,3.396316373,80.0,3.1,Poor
1268,811.52,200,30.42723,77.44,439.9588816,24.31,1.605208547,136.0,20.41,Poor
937,599.68,50,3.1003,146.6,159.9753289,14.586,5.039409245,40.0,2.8,Poor
1113,712.32,50,1.63873,161.1,219.9259868,43.758,4.723124893,16.0,2.5,Poor
1597,1022.08,200,40.52535,91.7,579.9259868,43.758,1.655599225,160.0,3.22,Poor
2140,1369.6,390,40.3039,71.32,879.8848684,68.068,1.045371303,240.0,2.4,Poor
738,472.32,50,30.64868,70.99,219.9588816,24.31,2.081127024,48.0,0.43,Moderate
1332,852.48,140,49.1619,140.4,379.9259868,43.758,3.131769366,80.0,1.0,Poor
3210,2054.4,500,234.737,304.9,979.7286184,160.446,4.235226986,128.0,1.8,Bad
2170,1388.8,440,66.435,183.6,679.9177632,48.62,3.061375816,192.0,1.0,Poor
581,371.84,60,23.95686364,64.0,179.9671053,19.448,2.074223605,40.0,6.0,Moderate
638,408.32,60,6.039545455,67.0,179.9671053,19.448,2.171452837,40.0,2.0,Moderate
1620,1036.8,200,8.858,189.0,439.9013158,58.344,3.91792698,80.0,5.0,Poor
1027,657.28,100,10.46854545,108.0,279.9424342,34.034,2.806477419,56.0,11.0,Poor
629,402.56,50,38.45177273,66.0,199.9588816,24.31,2.029297639,40.0,4.0,Moderate
388,248.32,30,1.207909091,37.0,119.9753289,14.586,1.468682477,24.0,5.0,Moderate
904,578.56,30,29.14282,96.0,279.9671053,19.448,2.494536676,80.0,3.02,Poor
684,437.76,30,9.96525,81.0,159.9917763,4.862,2.784250798,56.0,1.71,Moderate
1055,675.2,80,16.16585,70.0,399.9424342,34.034,1.521848642,104.0,2.69,Poor
2680,1715.2,530,46.0616,221.0,779.9424342,34.034,3.440591902,256.0,0.16,Bad
1790,1145.6,270,77.5075,89.0,719.8519737,87.516,1.442250077,144.0,3.01,Poor
2600,1664.0,380,106.7389,209.0,839.84375,92.378,3.135589509,184.0,5.4,Bad
1241,794.24,60,28.83279,69.0,499.9095395,53.482,1.341762169,112.0,1.82,Poor
2020,1292.8,260,140.8422,114.0,719.8930921,63.206,1.847323743,184.0,25.58,Poor
1054,674.56,120,28.30131,78.0,379.9342105,38.896,1.73985304,88.0,0.91,Poor
3120,1996.8,530,232.5225,322.0,799.9013158,58.344,4.950052785,224.0,2.9,Bad
2500,1600.0,490,83.2652,109.0,919.9342105,38.896,1.562500903,304.0,3.83,Bad
2050,1312.0,240,131.0984,145.0,699.9342105,38.896,2.382931486,216.0,6.7,Poor
1556,995.84,250,74.4072,190.0,399.9259868,43.758,4.130816969,88.0,0.7,Poor
1126,720.64,70,23.73944,82.0,419.9013158,58.344,1.739852368,72.0,0.92,Poor
650,416.0,50,7.75075,31.0,299.9835526,9.724,0.778189086,104.0,0.26,Moderate
3070,1964.8,660,128.8839,185.0,1079.925987,43.758,2.447636362,360.0,0.9,Bad
867,554.88,110,16.43159,54.0,319.9753289,14.586,1.312525279,104.0,0.17,Poor
973,622.72,70,31.97738,43.0,399.9917763,4.862,0.934792218,152.0,0.2,Poor
529,338.56,20,11.20537,34.0,199.9835526,9.724,1.045331268,64.0,0.12,Moderate
1169,748.16,120,178.0458,102.98,339.9588816,24.31,2.428353206,96.0,2.25,Poor
1221,781.44,150,14.65999,210.9,139.9588816,24.31,7.750835363,16.0,1.8,Poor
618,395.52,60,9.03516,24.11,239.9835526,9.724,0.676672669,80.0,3.65,Moderate
1429,914.56,170,9.07945,113.79,479.9259868,43.758,2.258338966,120.0,3.33,Poor
1530,979.2,230,169.1878,96.91,479.9259868,43.758,1.923329196,120.0,4.59,Poor
1024,655.36,70,37.77937,107.8,279.9588816,24.31,2.80119795,72.0,1.0,Poor
634,405.76,80,19.57618,40.17,219.9506579,29.172,1.177636785,40.0,3.27,Moderate
318,203.52,20,3.221090909,42.0,100.0,5.0,1.826086957,40.0,2.0,Moderate
405,259.2,30,3.623727273,53.0,99.98355263,9.724,2.304537352,24.0,7.0,Moderate
1538,984.32,230,3.019772727,240.0,419.9013158,58.344,5.092250833,72.0,2.0,Poor
1798,1150.72,210,87.17077273,319.0,399.9013158,58.344,6.935638209,64.0,18.0,Poor
1210,774.4,170,132.4271,88.3,399.9588816,24.31,1.919663887,120.0,26.73,Poor
1589,1016.96,220,32.73031,98.73,579.9588816,24.31,1.782471929,192.0,2.66,Poor
2950,1888.0,470,407.0251,115.0,1119.860197,82.654,1.494129016,312.0,3.77,Bad
1438,920.32,210,39.99387,103.0,499.9095395,53.482,2.002920338,112.0,6.01,Poor
1868,1195.52,240,147.4857,104.43,759.8273026,102.102,1.647175957,136.0,1.72,Poor
2660,1702.4,600,34.72336,254.1,779.84375,92.378,3.956152562,160.0,2.4,Bad
2220,1420.8,360,103.6386,239.2,579.9177632,48.62,4.31867113,152.0,3.0,Poor
2450,1568.0,360,296.743,151.6,839.9424342,34.034,2.274293992,280.0,3.5,Bad
3360,2150.4,610,335.2753,396.0,779.8684211,77.792,6.165335043,184.0,19.6,Bad
1446,925.44,110,211.7062,59.0,599.9177632,48.62,1.047317391,160.0,0.74,Poor
2770,1772.8,580,168.7449,90.0,1199.736842,155.584,1.129722233,224.0,3.35,Bad
3270,2092.8,560,277.6983,216.0,1059.860197,82.654,2.884706438,288.0,6.0,Bad
1330,851.2,200,24.40379,111.11,439.9013158,58.344,2.303285009,80.0,1.09,Poor
2340,1497.6,190,313.5732,439.5,199.9671053,19.448,13.51299959,48.0,4.8,Bad
1257,804.48,160,143.9425,155.88,319.9013158,58.344,3.789261243,32.0,1.4,Poor
2200,1408.0,400,12.4012,180.4,639.9424342,34.034,3.100546455,200.0,1.9,Poor
639,408.96,60,4.73903,71.69,159.9671053,19.448,2.46442384,32.0,2.3,Moderate
1594,1020.16,330,86.3655,175.5,419.9342105,38.896,3.723562574,104.0,0.4,Poor
1750,1120.0,170,70.4211,309.0,219.9506579,29.172,9.058744502,40.0,2.8,Poor
1249,799.36,80,33.43895,251.6,139.9671053,19.448,9.246338965,24.0,1.5,Poor
1981,1267.84,260,237.8373,110.0,759.7861842,126.412,1.735078599,96.0,2.32,Poor
1055,675.2,110,19.0447,119.03,279.9259868,43.758,3.093192786,40.0,4.62,Poor
1001,640.64,60,162.5443,24.81,459.9506579,29.172,0.502971418,136.0,4.76,Poor
1686,1079.04,340,6.86495,81.0,679.9588816,24.31,1.35056614,232.0,0.36,Poor
314,200.96,40,1.90447,25.21,119.9835526,9.724,1.000654496,32.0,1.53,Moderate
569,364.16,60,11.0725,17.14,219.9342105,38.896,0.502500603,24.0,1.29,Moderate
2900,1856.0,570,24.22663,322.8,759.8519737,87.516,5.091446587,160.0,0.9,Bad
1438,920.32,230,37.77937,104.66,479.9506579,29.172,2.077086575,144.0,12.93,Poor
2390,1529.6,570,36.71641,138.6,859.8930921,63.206,2.055006331,240.0,4.0,Bad
1545,988.8,290,33.48324,108.67,519.9342105,38.896,2.072085321,144.0,4.64,Poor
1365,873.6,140,196.6476,53.39,599.8848684,68.068,0.947759467,128.0,3.97,Poor
2049,1311.36,540,11.38253,265.8,499.84375,92.378,5.169041364,48.0,4.4,Poor
365,233.6,30,2.08163,23.98,119.9917763,4.862,0.951799783,40.0,2.7,Moderate
1165,745.6,130,140.3993,109.95,359.9177632,48.62,2.519798175,64.0,1.04,Poor
2470,1580.8,570,39.37381,280.8,599.8273026,102.102,4.984896579,72.0,5.1,Bad
826,528.64,100,42.69556,35.94,339.9342105,38.896,0.847525551,72.0,7.18,Poor
2270,1452.8,260,156.3437,346.3,379.9177632,48.62,7.724668585,72.0,2.7,Bad
1483,949.12,190,145.7141,101.33,519.9424342,34.034,1.932113233,152.0,6.44,Poor
1839,1176.96,280,19.84192,249.1,399.9013158,58.344,5.41588551,64.0,5.0,Poor
1503,961.92,280,79.722,132.2,479.8766447,72.93,2.623848844,72.0,1.6,Poor
683,437.12,40,2.34737,70.22,199.9424342,34.034,2.1591385,24.0,4.51,Moderate
3180,2035.2,570,369.3786,257.0,859.7532895,145.86,3.810819372,104.0,129.6,Bad
1998,1278.72,440,180.7032,56.35,859.8026316,116.688,0.835538949,152.0,3.57,Poor
1858,1189.12,410,33.39466,74.13,719.9013158,58.344,1.20123971,192.0,2.62,Poor
1936,1239.04,350,175.3884,102.3,779.7779605,131.274,1.592803934,96.0,4.19,Poor
614,392.96,30,6.15631,81.63,139.9671053,19.448,2.999915142,24.0,1.98,Moderate
954,610.56,40,23.65086,150.4,259.9095395,53.482,4.056102211,16.0,0.1,Poor
4350,2784.0,870,643.9766,283.5,1439.802632,116.688,3.248431743,384.0,6.9,Bad
1610,1030.4,200,96.1093,142.9,519.8601974,82.654,2.724966133,72.0,2.5,Poor
2060,1318.4,300,49.1619,239.8,499.8108553,111.826,4.663570008,16.0,3.3,Poor
1168,747.52,130,11.60398,167.4,219.9342105,38.896,4.907736344,24.0,3.4,Poor
1233,789.12,130,107.1818,96.56,479.8930921,63.206,1.916448583,88.0,1.84,Poor
904,578.56,80,44.08868182,168.0,299.9095395,53.482,4.217803139,32.0,3.0,Poor
803,513.92,40,1.610545455,127.0,279.9342105,38.896,3.300258032,48.0,6.0,Poor
725,464.0,30,44.69263636,86.0,339.9013158,58.344,2.028122543,40.0,3.0,Moderate
952,609.28,140,59.99281818,132.0,439.8601974,82.654,2.736457849,40.0,6.0,Poor
737,471.68,70,15.70281818,97.0,299.9177632,48.62,2.435245806,40.0,2.0,Moderate
696,445.44,90,22.54763636,90.0,239.9835526,9.724,2.525945258,80.0,4.0,Moderate
489,312.96,20,11.67645455,50.0,219.9259868,43.758,1.465898477,16.0,1.0,Moderate
710,454.4,50,13.68963636,81.0,279.9177632,48.62,2.10495082,32.0,3.0,Moderate
351,224.64,40,4.026363636,53.0,119.9671053,19.448,2.103860519,16.0,8.0,Moderate
567,362.88,40,29.79509091,104.0,159.9588816,24.31,3.575208085,24.0,17.0,Moderate
1068,683.52,150,159.444,112.0,459.8601974,82.654,2.270791584,48.0,1.0,Poor
1521,973.44,50,33.57182,67.0,619.8355263,97.24,1.170061621,88.0,2.0,Poor
2070,1324.8,310,84.151,112.0,779.7861842,126.412,1.743823068,104.0,4.0,Poor
1625,1040.0,260,74.8501,142.0,499.9588816,24.31,2.761171388,160.0,2.0,Poor
840,537.6,80,3.18888,73.0,259.9671053,19.448,1.968501839,72.0,2.0,Poor
675,432.0,40,19.39902,33.0,259.9917763,4.862,0.889828473,96.0,2.0,Moderate
1098,702.72,90,28.74421,96.0,319.9753289,14.586,2.333378274,104.0,2.0,Poor
627,401.28,40,13.95135,28.0,259.9917763,4.862,0.755005977,96.0,2.0,Moderate
1123,718.72,260,150.586,120.0,299.9671053,19.448,3.012427434,88.0,7.0,Poor
885,566.4,30,9.87667,107.0,219.9506579,29.172,3.136846802,40.0,1.0,Poor
820,524.8,70,38.79804,40.0,319.9753289,14.586,0.972240948,104.0,3.0,Poor
1430,915.2,170,29.6743,98.0,479.9424342,34.034,1.944928609,136.0,6.0,Poor
1145,732.8,140,40.7468,75.0,399.9506579,29.172,1.630535353,112.0,2.0,Poor
1255,803.2,130,28.38989,123.0,399.9259868,43.758,2.674160459,88.0,9.0,Poor
702,449.28,70,29.76288,45.0,259.9835526,9.724,1.213421654,88.0,2.0,Moderate
1216,778.24,200,7.70646,95.0,439.9835526,9.724,1.969144325,160.0,2.0,Poor
1299,831.36,160,26.574,61.0,519.8848684,68.068,1.163183975,96.0,3.0,Poor
1123,718.72,260,150.586,120.0,299.9671053,19.448,3.012427434,88.0,7.0,Poor
1206,771.84,210,17.89316,55.0,559.8766447,72.93,1.010621837,104.0,3.0,Poor
900,576.0,50,22.05642,72.0,299.9588816,24.31,1.807481237,80.0,4.0,Poor
1290,825.6,290,139.9564,105.0,379.8930921,63.206,2.34223661,48.0,21.0,Poor
1120,716.8,60,131.5413,77.0,399.9506579,29.172,1.674016296,112.0,2.0,Poor
998,638.72,70,32.86318,42.0,419.9259868,43.758,0.891117718,96.0,0.71,Poor
832,532.48,40,19.66476,97.0,199.9424342,34.034,2.982575257,24.0,2.0,Poor
958,613.12,200,130.8568182,122.0,339.9342105,38.896,2.876964863,72.0,7.0,Poor
554,354.56,110,5.636909091,45.0,239.9342105,38.896,1.263102486,32.0,1.0,Moderate
1870,1196.8,90,1.409227273,291.0,199.9753289,14.586,8.946989817,56.0,17.0,Poor
752,481.28,130,91.80109091,145.0,279.9671053,19.448,3.767789771,80.0,2.0,Poor
1430,915.2,240,126.0251818,108.0,559.8766447,72.93,1.984493788,104.0,29.0,Poor
2430,1555.2,300,112.4966,204.5,759.8601974,82.654,3.22551175,168.0,33.0,Bad
1126,720.64,130,26.574,55.0,459.9095395,53.482,1.115061047,96.0,11.8,Poor
2350,1504.0,340,114.7111,125.0,899.7779605,131.274,1.811817714,144.0,17.5,Bad
1520,972.8,200,96.1093,136.0,479.9259868,43.758,2.69913085,120.0,16.8,Poor
2300,1472.0,460,12.4012,272.0,619.84375,92.378,4.750069399,96.0,4.0,Bad
1235,790.4,140,68.6495,70.5,519.8848684,68.068,1.344335578,96.0,0.45,Poor
1013,648.32,80,18.6018,66.6,399.9013158,58.344,1.448004717,64.0,0.31,Poor
1120,716.8,120,13.41987,118.5,319.9342105,38.896,2.880448889,64.0,1.4,Poor
1860,1190.4,200,205.0627,168.7,599.8848684,68.068,2.994699795,128.0,6.2,Poor
2180,1395.2,270,71.3069,313.0,459.8684211,77.792,6.345994738,56.0,1.4,Poor
1630,1043.2,150,64.6634,156.0,559.8601974,82.654,2.866533132,88.0,3.1,Poor
1414,904.96,160,73.0785,96.0,539.8930921,63.206,1.796344016,112.0,1.76,Poor
2740,1753.6,490,125.3407,156.0,919.9424342,34.034,2.23622983,312.0,15.6,Bad
2090,1337.6,270,5.53625,320.0,359.9013158,58.344,7.333823016,48.0,19.0,Poor
2240,1433.6,440,32.3317,247.6,599.8601974,82.654,4.395393699,104.0,3.2,Poor
2470,1580.8,410,241.8234,173.0,839.8355263,97.24,2.595500675,176.0,17.6,Bad
1165,745.6,170,130.2126,120.0,359.8766447,72.93,2.750277898,24.0,3.08,Poor
1628,1041.92,280,215.6923,111.39,559.8848684,68.068,2.046769811,112.0,3.88,Poor
490,313.6,40,2.2145,40.41,179.9671053,19.448,1.309677748,40.0,3.45,Moderate
631,403.84,50,30.33865,39.15,259.9588816,24.31,1.055726931,64.0,2.56,Moderate
1407,900.48,240,15.98869,108.73,439.9177632,48.62,2.253906016,96.0,1.7,Poor
1158,741.12,160,13.55274,91.29,419.8848684,68.068,1.937002847,56.0,2.0,Poor
1714,1096.96,240,40.48106,118.25,559.9177632,48.62,2.172757164,144.0,2.29,Poor
2030,1299.2,470,32.73031,279.0,322.8684211,77.792,6.75092965,1.2,7.4,Poor
1583,1013.12,320,2.83456,111.63,479.9177632,48.62,2.215489399,112.0,4.1,Poor
362,231.68,20,38.00082,14.02,159.9917763,4.862,0.481916002,56.0,1.01,Moderate
744,476.16,90,21.43636,59.75,259.9342105,38.896,1.611307219,40.0,1.89,Moderate
1352,865.28,260,172.731,42.0,579.8848684,68.068,0.758316605,120.0,4.0,Poor
1273,814.72,190,40.70251,135.0,339.9259868,43.758,3.183565202,64.0,3.0,Poor
650,416.0,30,13.287,68.0,179.9671053,19.448,2.203862581,40.0,3.0,Moderate
737,471.68,50,16.16585,39.0,279.9671053,19.448,1.013405525,80.0,3.0,Moderate
511,327.04,50,89.4658,23.0,199.9671053,19.448,0.707164939,48.0,2.0,Moderate
1488,952.32,240,53.148,159.0,379.9177632,48.62,3.546700274,72.0,4.3,Poor
392,250.88,40,2.74598,23.0,139.9917763,4.862,0.845179078,48.0,5.0,Moderate
790,505.6,80,39.65968182,88.0,239.9506579,29.172,2.469982428,48.0,5.0,Poor
679,434.56,60,42.67945455,71.0,179.9588816,24.31,2.301144389,32.0,2.0,Moderate
943,603.52,110,43.88736364,102.0,279.9424342,34.034,2.650562006,56.0,4.0,Poor
1834,1173.76,230,44.29,209.0,479.8848684,68.068,4.148106729,80.0,8.0,Poor
1218,779.52,170,44.89395455,137.0,339.9259868,43.758,3.230729131,64.0,8.0,Poor
778,497.92,70,31.003,78.0,239.9506579,29.172,2.189302607,48.0,6.0,Poor
838,536.32,20,108.5105,61.85,299.9506579,29.172,1.552697875,72.0,0.87,Poor
1298,830.72,260,29.58572,92.87,439.9342105,38.896,1.925101985,112.0,1.71,Poor
851,544.64,40,4.11897,69.0,299.9095395,53.482,1.732312004,32.0,1.16,Poor
1743,1115.52,330,10.23099,90.0,659.8684211,77.792,1.52330196,136.0,4.0,Poor
902,577.28,100,37.15931,70.59,299.9588816,24.31,1.772084729,80.0,1.91,Poor
855,547.2,10,16.29872,47.59,339.9095395,53.482,1.12229284,48.0,1.94,Poor
2340,1497.6,360,125.7836,380.4,299.9506579,29.172,9.549656775,72.0,4.0,Bad
796,509.44,30,73.9643,25.0,339.9424342,34.034,0.589534849,80.0,0.37,Poor
1890,1209.6,360,97.438,19.0,879.7368421,155.584,0.278515503,96.0,0.33,Poor
989,632.96,130,12.4012,80.0,299.9342105,38.896,2.00839508,56.0,1.26,Poor
1339,856.96,230,31.93309,56.17,539.8930921,63.206,1.051048369,112.0,2.38,Poor
832,532.48,140,38.62088,40.15,359.9424342,34.034,0.920113047,88.0,2.7,Poor
899,575.36,100,26.79545,67.89,299.9506579,29.172,1.704327546,72.0,2.41,Poor
2060,1318.4,280,234.737,115.32,779.7615132,140.998,1.795543371,80.0,1.91,Poor
1482,948.48,250,31.13587,42.0,639.84375,92.378,0.721912378,104.0,2.03,Poor
205,131.2,20,4.8719,9.0,119.9917763,4.862,0.357222604,40.0,0.22,Good
746,477.44,60,90.3516,28.68,319.9342105,38.896,0.697141554,64.0,0.46,Moderate
1076,688.64,90,13.19842,27.84,479.8848684,68.068,0.552551633,80.0,1.11,Poor
1405,899.2,230,75.293,82.0,519.8355263,97.24,1.563698567,48.0,3.72,Poor
268,171.52,20,42.0755,9.0,119.9835526,9.724,0.357234846,32.0,0.07,Moderate
1921,1229.44,390,46.0616,118.0,679.8108553,111.826,1.96770561,88.0,1.53,Poor
620,396.8,20,19.26615,26.71,259.9588816,24.31,0.720267339,64.0,0.2,Moderate
546,349.44,40,33.17321,12.38,239.9835526,9.724,0.347457803,80.0,0.57,Moderate
809,517.76,120,7.21927,83.0,239.9588816,24.31,2.329602597,56.0,2.58,Poor
1131,723.84,150,65.9921,98.0,359.9342105,38.896,2.245880665,80.0,2.42,Poor
1125,720.0,160,63.91047,97.0,359.9506579,29.172,2.222912727,96.0,2.47,Poor
1824,1167.36,270,77.5075,194.0,519.8601974,82.654,3.699394191,72.0,2.9,Poor
509,325.76,50,3.41033,45.0,179.9835526,9.724,1.458371833,56.0,1.6,Moderate
1157,740.48,90,5.44767,136.0,299.9342105,38.896,3.414271636,56.0,3.1,Poor
1054,674.56,180,6.51063,71.0,399.9753289,14.586,1.543525862,136.0,10.5,Poor
3689,2360.96,680,307.2115455,547.0,559.84375,92.378,10.05138882,72.0,221.0,Bad
2523,1614.72,390,149.1767727,291.0,699.8190789,106.964,4.782690349,104.0,51.0,Bad
704,450.56,80,17.91731818,95.0,239.9671053,19.448,2.666366922,64.0,17.0,Moderate
2446,1565.44,400,11.27381818,144.0,999.7697368,136.136,1.98008878,176.0,21.0,Bad
1414,904.96,240,39.65968182,124.0,459.8848684,68.068,2.514023246,72.0,27.0,Poor
1187,759.68,120,38.45177273,221.0,239.9424342,34.034,6.203130351,40.0,21.0,Poor
571,365.44,50,34.82804545,19.0,299.9506579,29.172,0.476980754,72.0,4.0,Moderate
1310,838.4,190,120.7909091,191.0,319.9424342,34.034,4.642689175,72.0,49.0,Poor
957,612.48,130,43.88736364,89.0,339.9259868,43.758,2.098794837,64.0,11.0,Poor
1109,709.76,230,28.38586364,145.0,299.9506579,29.172,3.640116278,72.0,39.0,Poor
1114,712.96,150,65.62972727,145.0,319.9342105,38.896,3.524599907,64.0,14.0,Poor
989,632.96,130,43.88736364,66.0,379.9342105,38.896,1.472183342,88.0,13.0,Poor
1603,1025.92,280,143.3385455,123.0,599.8355263,97.24,2.183540157,80.0,5.0,Poor
1076,688.64,130,44.08868182,126.0,259.9588816,24.31,3.397741848,64.0,18.0,Poor
1677,1073.28,290,100.4577727,192.0,479.8848684,68.068,3.810700918,80.0,12.0,Poor
1352,865.28,190,45.49790909,99.0,579.8601974,82.654,1.787498595,96.0,6.0,Poor
2210,1414.4,370,153.6057727,251.0,499.8930921,63.206,4.880983255,96.0,197.0,Poor
638,408.32,40,18.52127273,85.0,199.9424342,34.034,2.613596875,24.0,8.0,Moderate
1950,1248.0,300,17.14023,245.0,539.8684211,77.792,4.584524374,88.0,5.1,Poor
1989,1272.96,470,14.1728,134.5,739.8601974,82.654,2.149906716,160.0,3.6,Poor
2580,1651.2,430,155.015,140.0,1039.794408,121.55,1.887671683,216.0,3.3,Bad
1798,1150.72,190,110.725,175.1,559.8766447,72.93,3.217452429,104.0,19.5,Poor
1220,780.8,80,28.3456,40.0,519.8848684,68.068,0.76274359,96.0,0.87,Poor
2120,1356.8,390,47.21314,161.8,719.9177632,48.62,2.621858422,208.0,5.0,Poor
1340,857.6,170,132.87,102.9,539.9588816,24.31,1.925338938,176.0,0.83,Poor
1902,1217.28,390,29.05424,112.3,719.9177632,48.62,1.819744752,208.0,8.2,Poor
1402,897.28,150,10.40815,96.41,459.9671053,19.448,1.954478331,152.0,0.37,Poor
1562,999.68,240,97.438,40.25,719.8766447,72.93,0.652242369,168.0,5.9,Poor
2410,1542.4,250,88.58,157.0,979.7861842,126.412,2.180751404,184.0,3.6,Bad
1720,1100.8,230,106.296,108.0,659.9177632,48.62,1.827894012,184.0,6.8,Poor
1675,1072.0,240,97.438,116.96,599.9342105,38.896,2.076145134,176.0,1.73,Poor
1432,916.48,220,23.60657,145.2,459.9013158,58.344,2.943787483,88.0,15.0,Poor
1098,702.72,120,12.8441,79.29,379.9342105,38.896,1.768627533,88.0,1.94,Poor
1477,945.28,220,6.442181818,171.0,359.8766447,72.93,3.919146004,24.0,9.0,Poor
823,526.72,50,97.438,70.0,259.9095395,53.482,1.887813529,16.0,3.0,Poor
745,476.8,70,41.47154545,65.0,239.9177632,48.62,1.824543906,16.0,3.0,Moderate
433,277.12,40,15.90413636,31.0,159.9506579,29.172,1.065714421,16.0,1.0,Moderate
710,454.4,50,4.026363636,129.0,82.87828947,5.0,6.160862054,32.0,2.0,Moderate
850,544.0,80,45.90054545,70.0,279.9177632,48.62,1.819093301,32.0,2.0,Poor
1428,913.92,150,140.3187727,136.0,419.8684211,77.792,2.88572184,40.0,4.0,Poor
893,571.52,70,132.2660455,71.0,299.9013158,58.344,1.782548385,24.0,3.0,Poor
1307,836.48,170,23.55422727,136.0,359.8848684,68.068,3.116946004,32.0,5.0,Poor
443,283.52,70,46.411491,16.97,179.9917763,4.862,0.549955658,64.0,4.44,Moderate
1032,660.48,140,95.53353,83.17,299.9671053,19.448,2.087863247,88.0,16.14,Poor
1373,878.72,110,76.53312,83.67,499.8848684,68.068,1.627072622,88.0,6.16,Poor
388,248.32,20,0.296743,16.53,159.9588816,24.31,0.568251824,24.0,2.69,Moderate
3666,2346.24,480,535.909,396.6,979.6546053,204.204,5.509198006,56.0,3.9,Bad
882,564.48,30,20.174095,88.89,239.9259868,43.758,2.495091205,24.0,0.97,Poor
805,515.2,80,140.17785,20.9,259.9671053,19.448,0.563584773,72.0,72.36,Poor
4340,2777.6,790,210.20034,748.1,559.7779605,131.274,13.7475061,8.0,12.1,Bad
687,439.68,40,0.713069,44.94,219.9671053,19.448,1.317426401,56.0,17.52,Moderate
1242,794.88,150,98.7667,81.1,459.9177632,48.62,1.644193498,104.0,13.25,Poor
1638,1048.32,340,0.097438,178.8,339.9177632,48.62,4.216506249,56.0,59.8,Poor
1414,904.96,70,0.150586,161.3,359.9177632,48.62,3.696620698,64.0,15.1,Poor
1565,1001.6,190,162.27856,273.7,199.9259868,43.758,8.416128101,8.0,3.9,Poor
1600,1024.0,120,52.12933,282.3,179.9506579,29.172,9.149688794,24.0,9.4,Poor
647,414.08,20,15.802672,10.48,279.9588816,24.31,0.272324253,72.0,14.43,Moderate
565,361.6,70,23.95686364,16.0,279.9506579,29.172,0.415768326,64.0,4.0,Moderate
372,238.08,60,24.76213636,27.0,179.9424342,34.034,0.875123069,16.0,1.0,Moderate
261,167.04,40,14.09227273,14.0,140.0,5.0,0.51444172,56.0,2.0,Moderate
1261,807.04,260,44.89395455,28.0,579.8273026,102.102,0.505569498,64.0,3.0,Poor
1271,813.44,160,57.1341,101.23,399.9342105,38.896,2.200833171,96.0,1.44,Poor
443,283.52,50,2.83456,30.74,159.9835526,9.724,1.056667522,48.0,4.73,Moderate
1625,1040.0,190,162.1014,193.6,379.9342105,38.896,4.318404469,88.0,24.9,Poor
557,356.48,80,2.43595,56.79,159.9753289,14.586,1.952169516,40.0,2.56,Moderate
907,580.48,160,48.719,70.19,279.9424342,34.034,1.823950463,56.0,13.62,Poor
1555,995.2,140,190.447,88.0,559.9588816,24.31,1.616876196,184.0,1.64,Poor
1549,991.36,170,54.4767,119.0,499.8601974,82.654,2.314167804,64.0,7.7,Poor
1205,771.2,140,50.0477,114.0,359.9424342,34.034,2.612525214,88.0,8.38,Poor
810,518.4,40,40.86759091,15.0,379.8766447,72.93,0.334612473,32.0,2.0,Poor
817,522.88,110,45.90054545,29.0,339.9177632,48.62,0.683885242,56.0,6.0,Poor
847,542.08,110,45.69922727,30.0,339.9095395,53.482,0.70747605,48.0,3.0,Poor
395,252.8,50,6.442181818,25.0,179.9588816,24.31,0.810262109,32.0,5.0,Moderate
1156,739.84,250,3.221090909,33.0,519.8190789,106.964,0.629303281,32.0,1.0,Poor
774,495.36,80,20.13181818,28.0,439.8601974,82.654,0.580460756,40.0,2.0,Poor
455,291.2,50,7.046136364,23.0,219.9835526,9.724,0.674225066,72.0,4.0,Moderate
708,453.12,120,43.88736364,24.0,279.9506579,29.172,0.623652488,64.0,5.0,Moderate
1599,1023.36,400,43.68604545,51.0,679.84375,92.378,0.85042846,120.0,5.0,Poor
866,554.24,100,12.88436364,37.0,399.8930921,63.206,0.804455337,56.0,2.0,Poor
809,517.76,120,43.48472727,23.0,299.9177632,48.62,0.577429418,40.0,1.0,Poor
519,332.16,80,26.17136364,24.0,239.9671053,19.448,0.673608486,64.0,2.0,Moderate
842,538.88,60,23.35290909,25.0,359.8601974,82.654,0.572987656,8.0,4.0,Poor
1490,953.6,200,13.48831818,94.0,439.8601974,82.654,1.94868968,40.0,17.0,Poor
537,343.68,50,10.06590909,54.0,200.0,9.724,1.660232015,64.0,11.0,Moderate
1490,953.6,170,128.0383636,135.0,620.0,102.102,2.357602488,80.0,15.0,Poor
1585,1014.4,70,142.1306364,85.0,560.0,53.482,1.56182423,136.0,5.0,Poor
1532,980.48,90,136.6950455,166.0,280.0,9.724,4.313342972,96.0,57.0,Poor
736,471.04,60,0.805272727,110.0,219.9753289,24.31,3.224735494,48.0,4.0,Moderate
2065,1321.6,240,82.33913636,254.0,660.0,126.412,4.299364558,56.0,12.0,Poor
1690,1081.6,360,34.82804545,125.0,659.8026316,116.688,2.115802643,72.0,8.0,Poor
1802,1153.28,380,69.0924,202.0,399.9177632,48.62,4.391755826,80.0,4.0,Poor
2134,1365.76,400,173.1739,86.0,859.8848684,68.068,1.275118251,232.0,7.0,Poor
2486,1591.04,500,120.9117,255.0,659.8766447,72.93,4.315995326,144.0,1.7,Bad
9499,6079.36,2480,119.583,732.0,3479.226974,457.028,5.395626316,640.0,4.7,Bad
915,585.6,150,80.1649,47.0,359.9671053,19.448,1.077056818,112.0,1.0,Poor
3491,2234.24,570,114.2682,630.0,419.8848684,68.068,13.36742024,56.0,8.3,Bad
760,486.4,50,124.4549,39.0,299.9835526,9.724,0.979012076,104.0,1.0,Poor
2092,1338.88,330,93.4519,191.0,579.9259868,43.758,3.448412782,160.0,5.9,Poor
1588,1016.32,280,92.5661,99.0,519.8848684,68.068,1.887790386,96.0,2.0,Poor
3325,2128.0,580,335.7182,513.0,659.84375,92.378,8.682983493,112.0,1.0,Bad
1723,1102.72,110,5.93486,345.0,159.9506579,29.172,11.86037017,16.0,1.8,Poor
1334,853.76,150,30.47152,94.0,459.9342105,38.896,1.905689585,120.0,3.34,Poor
1030,659.2,70,54.29954,54.33,399.9671053,19.448,1.181135524,128.0,2.07,Poor
1079,690.56,120,47.70033,28.53,479.9342105,38.896,0.566217231,128.0,1.86,Poor
1422,910.08,210,42.0755,97.0,499.9835526,9.724,1.886105751,184.0,4.18,Poor
1879,1202.56,260,150.80745,65.7,779.8766447,72.93,1.022879739,192.0,3.71,Poor
919,588.16,30,37.07073,28.51,419.9753289,14.586,0.604863658,144.0,2.34,Poor
1561,999.04,160,69.9782,145.7,459.9671053,19.448,2.953713233,152.0,2.6,Poor
2383,1525.12,430,10.89534,260.0,579.9013158,58.344,4.694274319,136.0,16.3,Bad
717,458.88,20,21.12633,53.96,259.9835526,9.724,1.455027387,88.0,1.77,Moderate
458,293.12,50,7.21927,30.58,159.9753289,14.586,1.051194643,40.0,4.24,Moderate
1163,744.32,100,51.02208,96.0,379.9588816,24.31,2.141288067,112.0,3.94,Poor
1589,1016.96,250,59.57005,60.76,659.9177632,48.62,1.028359631,184.0,2.0,Poor
1150,736.0,160,83.17662,57.0,459.9753289,14.586,1.155526076,160.0,7.99,Poor
963,616.32,50,16.60875,54.0,379.9259868,43.758,1.204526679,80.0,2.53,Poor
946,605.44,70,15.63437,72.92,319.8848684,68.068,1.772645838,16.0,1.6,Poor
2153,1377.92,300,233.45259,234.0,579.8930921,63.206,4.224876844,128.0,3.6,Poor
815,521.6,30,21.08204,35.27,359.9506579,29.172,0.808269401,96.0,1.33,Poor
650,416.0,100,20.55056,41.68,239.9835526,9.724,1.169793315,80.0,2.02,Moderate
690,441.6,40,39.50668,31.03,299.9506579,29.172,0.778984884,72.0,2.25,Moderate
1348,862.72,110,39.59526,48.0,579.8601974,82.654,0.866665985,96.0,8.49,Poor
480,307.2,60,13.287,34.0,159.9753289,14.586,1.168757942,40.0,2.0,Moderate
890,569.6,90,31.60695455,70.0,299.9506579,29.172,1.757297514,72.0,2.0,Poor
877,561.28,120,55.76513636,82.0,279.9588816,24.31,2.130781372,72.0,4.0,Poor
1275,816.0,120,68.24686364,120.0,259.9588816,24.31,3.235944617,64.0,4.0,Poor
709,453.76,100,19.52786364,70.0,199.9753289,14.586,2.152196863,56.0,2.0,Moderate
1720,1100.8,320,163.873,170.3,479.8848684,68.068,3.380012325,80.0,6.5,Poor
1152,737.28,150,67.3208,86.0,379.8766447,72.93,1.918444848,32.0,14.61,Poor
3382,2164.48,780,471.6885,330.0,899.84375,92.378,4.783023907,208.0,7.1,Bad
923,590.72,80,104.0815,65.78,319.8930921,63.206,1.599055738,24.0,4.5,Poor
525,336.0,50,1.55015,56.0,139.9671053,19.448,2.058008673,24.0,3.47,Moderate
983,629.12,130,0.13287,86.68,299.9259868,43.758,2.176125902,48.0,5.99,Poor
1303,833.92,290,77.9504,95.46,439.8684211,77.792,1.978938063,48.0,3.32,Poor
552,353.28,70,4.78332,52.93,159.9753289,14.586,1.819481114,40.0,3.11,Moderate
1030,659.2,80,31.66735,57.0,359.9095395,53.482,1.3063223,56.0,16.73,Poor
766,490.24,50,10.23099,23.08,319.9588816,24.31,0.560997445,88.0,6.81,Poor
2615,1673.6,170,59.7915,560.0,59.99177632,4.862,31.43506266,16.0,6.5,Bad
917,586.88,80,10.27528,90.01,259.9259868,43.758,2.427381708,32.0,8.17,Poor
2903,1857.92,320,797.22,238.7,879.7368421,155.584,3.499034246,96.0,8.1,Bad
660,422.4,80,18.46893,56.0,199.9753289,14.586,1.721757491,56.0,4.07,Moderate
1560,998.4,110,349.4481,78.63,679.7615132,140.998,1.311239893,40.0,0.55,Poor
916,586.24,60,22.145,129.0,199.9835526,9.724,3.966109813,64.0,8.0,Poor
699,447.36,50,38.85440909,96.0,179.9835526,9.724,3.111193244,56.0,7.0,Moderate
681,435.84,40,45.49790909,80.0,139.9917763,4.862,2.939753316,48.0,5.0,Moderate
356,227.84,30,13.48831818,7.0,119.9753289,14.586,0.277858847,24.0,2.0,Moderate
777,497.28,70,13.287,102.0,199.9917763,4.862,3.135929329,72.0,4.0,Poor
594,380.16,40,12.48172727,23.0,259.9753289,14.586,0.620203099,80.0,3.0,Moderate
1798,1150.72,240,87.97604545,172.0,479.8684211,77.792,3.413811408,64.0,5.0,Poor
1745,1116.8,180,177.5626364,180.0,419.8848684,68.068,3.819262925,56.0,10.0,Poor
1743,1115.52,150,165.4835455,180.0,479.8684211,77.792,3.572593334,64.0,6.0,Poor
539,344.96,60,7.247454545,49.0,159.9753289,14.586,1.684386446,40.0,2.0,Moderate
1135,726.4,50,29.39245455,118.0,319.9177632,48.62,2.868368827,48.0,4.0,Poor
546,349.44,50,6.442181818,41.0,139.9753289,14.586,1.506712087,32.0,1.0,Moderate
1150,736.0,60,61.80468182,119.0,319.9177632,48.62,2.892677037,48.0,4.0,Poor
510,326.4,50,4.831636364,33.0,159.9671053,19.448,1.134411867,32.0,1.0,Moderate
820,524.8,80,32.19883,92.0,219.9342105,38.896,2.69720277,24.0,1.27,Poor
3192,2042.88,430,469.0311,406.0,559.8601974,82.654,7.460336229,88.0,106.0,Bad
1037,663.68,170,68.02944,73.0,339.9506579,29.172,1.721420938,88.0,14.67,Poor
884,565.76,90,3.05601,135.0,159.9588816,24.31,4.640895111,24.0,5.9,Poor
957,612.48,30,0.97438,161.0,159.9588816,24.31,5.534697132,24.0,0.5,Poor
1466,938.24,290,52.21791,84.0,559.9259868,43.758,1.543427159,152.0,2.8,Poor
1284,821.76,190,55.8054,116.0,379.9259868,43.758,2.587501755,80.0,1.96,Poor
491,314.24,50,7.04211,44.0,179.9835526,9.724,1.42596357,56.0,2.76,Moderate
1349,863.36,190,81.0507,164.0,299.9342105,38.896,4.117209914,56.0,7.9,Poor
1980,1267.2,320,162.1014,155.0,659.8930921,63.206,2.623415445,160.0,3.59,Poor
3349,2143.36,690,181.589,413.0,859.6875,184.756,6.124235881,40.0,2.3,Bad
1566,1002.24,370,34.1033,182.0,359.9259868,43.758,4.170968884,72.0,5.2,Poor
923,590.72,120,24.15818182,57.0,379.9424342,34.034,1.271417308,96.0,2.0,Poor
771,493.44,100,10.66986364,75.0,279.9835526,9.724,1.948799535,96.0,4.0,Poor
1726,1104.64,260,0.805272727,205.0,499.8848684,68.068,3.986493218,88.0,5.0,Poor
1327,849.28,150,6.240863636,175.0,299.9835526,9.724,4.393002907,104.0,8.0,Poor
392,250.88,20,9.260636364,13.0,159.9753289,14.586,0.446878037,40.0,2.0,Moderate
540,345.6,30,0.201318182,58.0,179.9835526,9.724,1.879679252,56.0,3.0,Moderate
990,633.6,100,16.56446,104.57,279.9506579,29.172,2.717305863,64.0,3.18,Poor
809,517.76,90,17.76029,86.0,239.9753289,14.586,2.413722381,72.0,2.0,Poor
972,622.08,100,10.36386,85.4,339.9424342,34.034,2.013851045,80.0,2.39,Poor
2250,1440.0,440,57.22268,241.0,599.9177632,48.62,4.278025273,160.0,2.1,Bad
1454,930.56,230,99.2096,85.0,559.9013158,58.344,1.5618357,128.0,2.32,Poor
1610,1030.4,230,17.716,165.0,459.9177632,48.62,3.345153233,104.0,5.0,Poor
1301,832.64,80,39.01949,51.3,559.8766447,72.93,0.942634549,104.0,1.87,Poor
1067,682.88,120,27.68125,82.45,359.9342105,38.896,1.889518988,80.0,0.83,Poor
3044,1948.16,550,223.2216,349.6,699.9506579,29.172,5.745262481,232.0,2.9,Bad
1693,1083.52,250,22.145,99.32,639.8930921,63.206,1.70708507,152.0,2.37,Poor
2802,1793.28,530,217.021,151.6,1059.835526,97.24,2.02466012,264.0,6.5,Bad
1664,1064.96,280,20.55056,191.7,419.9013158,58.344,4.067435353,72.0,2.1,Poor
1282,820.48,110,21.56923,79.78,479.8930921,63.206,1.583412054,88.0,1.07,Poor
1734,1109.76,320,79.722,103.81,639.9013158,58.344,1.7842465,160.0,1.71,Poor
1837,1175.68,340,85.0368,105.87,679.9259868,43.758,1.765282667,200.0,3.08,Poor
942,602.88,120,46.9474,61.37,359.9506579,29.172,1.406393341,96.0,1.71,Poor
2683,1717.12,480,221.0071,118.0,1039.777961,131.274,1.591050145,200.0,2.43,Bad
690,441.6,50,17.716,35.73,279.9342105,38.896,0.928489917,48.0,1.41,Moderate
1320,844.8,190,144.8283,85.0,479.9506579,29.172,1.686913423,144.0,4.76,Poor
1446,925.44,190,13.287,218.0,279.9259868,43.758,5.665093063,40.0,1.5,Poor
389,248.96,30,0.3,17.8,159.9671053,19.448,0.611894886,32.0,4.7,Moderate
444,284.16,60,1.01867,28.0,159.9588816,24.31,0.962556023,24.0,4.93,Moderate
4644,2972.16,1000,528.8226,148.0,1879.835526,97.24,1.484136865,592.0,5.4,Bad
927,593.28,60,29.85146,101.0,259.9424342,34.034,2.723672883,48.0,1.51,Poor
1980,1267.2,200,66.0,224.0,539.8930921,63.206,4.191469371,112.0,4.1,Poor
344,220.16,20,3.019772727,6.0,179.9753289,14.586,0.19445402,48.0,1.0,Moderate
342,218.88,40,3.825045455,19.0,139.9753289,14.586,0.698232431,32.0,4.0,Moderate
1197,766.08,40,15.5015,76.0,299.9259868,43.758,1.908001483,48.0,10.0,Poor
672,430.08,80,7.448772727,75.0,219.9671053,19.448,2.198642191,56.0,33.0,Moderate
1585,1014.4,260,190.447,103.0,479.9506579,29.172,2.044142148,144.0,61.0,Poor
1162,743.68,150,3.67607,25.0,439.9835526,9.724,0.518195875,160.0,62.0,Poor
1620,1036.8,200,221.45,98.0,639.9424342,34.034,1.684332332,200.0,3.0,Poor
2175,1392.0,370,190.447,116.0,839.8684211,77.792,1.740301631,208.0,4.0,Poor
3026,1936.64,540,416.326,288.0,899.6546053,204.204,4.174714189,24.0,4.0,Bad
1590,1017.6,280,3.27746,157.0,439.9013158,58.344,3.254574264,80.0,1.0,Poor
2483,1589.12,590,73.0785,241.0,719.7697368,136.136,3.905641847,64.0,3.0,Bad
2592,1658.88,460,349.0052,181.0,859.7121711,170.17,2.683948642,64.0,2.0,Bad
579,370.56,70,39.861,33.0,219.9753289,14.586,0.967384481,64.0,1.0,Moderate
2265,1449.6,300,301.172,95.0,879.8930921,63.206,1.392453866,248.0,2.0,Bad
1394,892.16,60,5.18193,240.0,179.9753289,14.586,7.778160809,48.0,1.0,Poor
1079,690.56,110,14.03993,101.0,319.9342105,38.896,2.455066142,64.0,0.9,Poor
1925,1232.0,90,188.2325,378.3,219.9259868,43.758,11.09098788,16.0,3.0,Poor
1630,1043.2,240,198.8621,152.0,499.8355263,97.24,2.955984766,40.0,1.0,Poor
1443,923.52,230,18.278483,104.61,499.9342105,38.896,2.034177929,136.0,0.4,Poor
839,536.96,50,28.7885,70.0,279.9177632,48.62,1.819093301,32.0,1.84,Poor
1506,963.84,170,219.27979,110.5,519.9424342,34.034,2.106962521,152.0,1.25,Poor
543,347.52,80,3.215454,52.0,199.9506579,29.172,1.598873443,32.0,2.39,Moderate
835,534.4,90,16.3873,35.26,339.9588816,24.31,0.831459837,96.0,4.0,Poor
1406,899.84,230,151.0289,75.0,539.8519737,87.516,1.403447207,72.0,1.56,Poor
805,515.2,50,135.0845,22.94,339.9177632,48.62,0.540976809,56.0,4.86,Poor
995,636.8,50,18.119039,214.0,59.99177632,4.862,12.01268466,16.0,10.1,Poor
2967,1898.88,240,13.10984,599.0,159.9588816,24.31,20.59182349,24.0,5.6,Bad
1397,894.08,150,1.7716,59.38,559.9588816,24.31,1.091023961,184.0,0.5,Poor
508,325.12,100,23.20796,44.0,199.9588816,24.31,1.352865093,40.0,2.58,Moderate
1180,755.2,150,38.44372,91.0,399.9259868,43.758,1.978443917,88.0,1.82,Poor
1381,883.84,170,220.25417,78.29,519.9095395,53.482,1.492844471,120.0,8.52,Poor
2718,1739.52,670,17.22881,125.0,1079.835526,97.24,1.653877623,272.0,3.6,Bad
2819,1804.16,540,28.38989,408.3,499.9506579,29.172,7.93940528,152.0,4.0,Bad
519,332.16,80,2.39166,48.48,159.9753289,14.586,1.666511325,40.0,2.63,Moderate
1320,844.8,50,15.111748,282.0,59.98355263,9.724,15.8308845,8.0,1.6,Poor
1504,962.56,220,35.65345,113.95,499.9588816,24.31,2.215742814,160.0,10.66,Poor
2144,1372.16,400,38.26656,213.6,599.84375,92.378,3.79187789,88.0,3.8,Poor
942,602.88,40,34.28046,45.75,379.9424342,34.034,1.020479681,96.0,6.68,Poor
910,582.4,50,37.82366,40.32,379.9177632,48.62,0.899389654,72.0,6.13,Poor
1014,648.96,160,20.46198,95.01,299.9259868,43.758,2.385252907,48.0,0.68,Poor
1320,844.8,240,36.920144,55.96,539.9177632,48.62,1.047094942,136.0,1.45,Poor
2080,1331.2,110,58.9057,380.0,239.9342105,38.896,10.66619877,32.0,1.9,Poor
942,602.88,40,34.28046,45.75,379.9424342,34.034,1.020479681,96.0,6.68,Poor
2162,1383.68,200,172.731,427.5,159.9588816,24.31,14.69616785,24.0,6.7,Poor
543,347.52,80,3.215454,52.0,199.9506579,29.172,1.598873443,32.0,2.39,Moderate
505,323.2,70,5.49196,50.0,139.9506579,29.172,1.837615715,8.0,2.69,Moderate
2244,1436.16,390,108.9534,283.8,499.8684211,77.792,5.518953113,72.0,3.5,Poor
1510,966.4,130,8.4151,148.9,419.8848684,68.068,3.159379164,56.0,8.9,Poor
2592,1658.88,470,271.45341,208.0,779.7944079,121.55,3.238511479,112.0,40.8,Bad
1608,1029.12,340,3.0,188.8,379.9177632,48.62,4.211427747,72.0,7.2,Poor
985,630.4,110,79.98774,29.78,419.9177632,48.62,0.631851083,88.0,2.7,Poor
1577,1009.28,380,69.5353,95.0,579.8848684,68.068,1.715239941,120.0,3.17,Poor
2368,1515.52,500,240.4947,142.3,859.7532895,145.86,2.110037341,104.0,7.9,Bad
1023,654.72,50,2.2145,170.4,159.9588816,24.31,5.85784094,24.0,3.6,Poor
4584,2933.76,990,520.8504,391.4,1359.810855,111.826,4.614809026,360.0,12.3,Bad
1768,1131.52,260,95.97643,153.4,539.8684211,77.792,2.870473628,88.0,5.0,Poor
799,511.36,10,16.3873,96.96,199.9588816,24.31,2.981222713,40.0,2.14,Poor
2472,1582.08,490,46.0616,325.5,539.7944079,121.55,6.091285653,16.0,7.0,Bad
915,585.6,100,5.3148,106.45,219.9506579,29.172,3.120722823,40.0,3.23,Poor
1301,832.64,120,66.23368182,103.0,459.8766447,72.93,2.088279916,64.0,2.0,Poor
990,633.6,140,21.13840909,110.0,259.9342105,38.896,2.966423331,40.0,4.0,Poor
783,501.12,20,50.53086364,82.0,219.9342105,38.896,2.404028556,24.0,4.0,Poor
1290,825.6,140,72.87718182,89.0,459.8766447,72.93,1.804436044,64.0,2.0,Poor
972,622.08,110,43.48472727,92.0,299.9095395,53.482,2.309749338,32.0,2.0,Poor
731,467.84,90,16.50809091,64.0,239.9342105,38.896,1.796412425,32.0,3.0,Moderate
434,277.76,50,2.617136364,38.0,139.9588816,24.31,1.396546912,16.0,1.0,Moderate
1387,887.68,270,47.71240909,101.0,479.9095395,53.482,2.004535936,104.0,7.0,Poor
1386,887.04,190,87.37209091,138.0,399.9013158,58.344,3.000370134,64.0,2.0,Poor
637,407.68,60,23.75554545,45.0,219.9342105,38.896,1.319283964,24.0,2.0,Moderate
1572,1006.08,160,196.8891818,133.0,499.8930921,63.206,2.586337741,96.0,2.0,Poor
1114,712.96,90,35.96348,72.44,419.9506579,29.172,1.536920745,120.0,3.14,Poor
4303,2753.92,1060,69.5353,208.0,1659.555921,262.548,2.219931396,232.0,6.2,Bad
1612,1031.68,220,70.864,125.0,559.9588816,24.31,2.296699143,184.0,2.4,Poor
934,597.76,60,0.651063,84.0,279.9753289,14.586,2.182687535,88.0,2.14,Poor
798,510.72,50,21.635665,38.05,319.9671053,19.448,0.924856086,96.0,2.33,Poor
1169,748.16,130,20.670143,91.0,379.9506579,29.172,2.029784613,104.0,2.91,Poor
760,486.4,40,13.7299,37.07,299.9753289,14.586,0.930576285,96.0,3.08,Poor
934,597.76,60,17.93745,86.2,279.9424342,34.034,2.239984754,56.0,3.43,Poor
876,560.64,60,3.228741,114.0,199.9506579,29.172,3.505222547,32.0,1.5,Poor
922,590.08,90,48.09894,30.0,399.9588816,24.31,0.652207436,120.0,1.46,Poor
1589,1016.96,180,124.012,80.0,639.8930921,63.206,1.375018179,152.0,5.37,Poor
1128,721.92,100,145.7141,58.0,439.9588816,24.31,1.202248137,136.0,2.9,Poor
1995,1276.8,270,126.2265,200.0,619.8684211,77.792,3.492628581,120.0,0.31,Poor
1208,773.12,150,45.57441,72.41,439.9342105,38.896,1.500986699,112.0,1.99,Poor
1578,1009.92,270,14.1728,140.0,479.9753289,14.586,2.77837423,168.0,1.8,Poor
1541,986.24,170,34.81194,77.0,619.8519737,87.516,1.344679844,104.0,3.1,Poor
1102,705.28,130,14.1728,85.48,359.9424342,34.034,1.958935573,88.0,2.49,Poor
4060,2598.4,430,79.722,505.0,1059.84375,92.378,6.744389142,272.0,7.2,Bad
1888,1208.32,180,84.151,250.0,419.9424342,34.034,5.304168255,112.0,10.4,Poor
1686,1079.04,230,186.018,105.72,599.9177632,48.62,1.876650755,160.0,2.31,Poor
1052,673.28,100,47.43459,70.0,379.9177632,48.62,1.561440372,72.0,1.71,Poor
991,634.24,90,19.22186,56.0,379.9259868,43.758,1.249138778,80.0,0.92,Poor
889,568.96,50,12.31262,83.0,279.9177632,48.62,2.156924914,32.0,2.22,Poor
886,567.04,120,32.21090909,43.0,319.9177632,48.62,1.045253047,48.0,3.0,Poor
572,366.08,90,15.09886364,55.0,219.9671053,19.448,1.612337607,56.0,8.0,Moderate
1568,1003.52,240,7.448772727,268.0,239.9671053,19.448,7.521961422,64.0,16.0,Poor
692,442.88,100,42.27681818,64.0,299.9588816,24.31,1.606649988,80.0,2.0,Moderate
724,463.36,80,30.60036364,32.0,279.9259868,43.758,0.831573294,40.0,4.0,Moderate
672,430.08,130,19.4876,81.0,139.9835526,9.724,2.976587662,40.0,3.11,Moderate
2558,1637.12,510,89.15577,226.0,719.8519737,87.516,3.662342892,144.0,13.7,Bad
742,474.88,60,32.46457,34.0,299.9588816,24.31,0.853532806,80.0,2.3,Moderate
890,569.6,40,86.8084,57.98,299.9013158,58.344,1.45566416,24.0,1.31,Poor
2129,1362.56,450,134.6416,174.0,699.8766447,72.93,2.859635381,160.0,4.05,Poor
1948,1246.72,330,245.8095,202.2,499.9342105,38.896,3.931849509,136.0,8.4,Poor
1026,656.64,140,113.3824,50.55,399.9753289,14.586,1.098946934,136.0,1.92,Poor
1255,803.2,140,100.0954,49.0,559.9259868,43.758,0.900332509,152.0,3.56,Poor
4516,2890.24,610,1028.0,336.6,1119.810855,111.826,4.373347016,264.0,354.6,Bad
928,593.92,80,46.0616,89.54,259.9342105,38.896,2.414668592,40.0,3.31,Poor
1440,921.6,160,18.1589,61.5,559.9095395,53.482,1.130025767,136.0,5.09,Poor
1725,1104.0,270,104.9673,179.8,459.9095395,53.482,3.645235931,96.0,4.7,Poor
3928,2513.92,860,19.4876,159.6,1599.745066,150.722,1.73492083,392.0,10.9,Bad
1716,1098.24,280,108.5105,57.01,719.8766447,72.93,0.923834471,168.0,3.38,Poor
957,612.48,100,8.858,56.0,339.9753289,14.586,1.320494175,112.0,2.7,Poor
1568,1003.52,240,186.018,60.15,639.8930921,63.206,1.033841794,152.0,1.88,Poor
2789,1784.96,450,461.0,75.25,1199.786184,126.412,0.944553888,272.0,3.6,Bad
1027,657.28,60,26.574,42.8,419.9506579,29.172,0.908064714,120.0,3.55,Poor
1691,1082.24,230,81.9365,137.0,539.9095395,53.482,2.56349356,128.0,2.22,Poor
3050,1952.0,550,427.61995,101.92,1299.728618,160.446,1.229150998,256.0,1.99,Bad
732,468.48,40,3.445762,45.75,259.9835526,9.724,1.233645348,88.0,3.24,Moderate
428,273.92,40,1.585582,11.99,179.9835526,9.724,0.388575073,56.0,6.63,Moderate
1334,853.76,190,10.904198,110.8,439.9259868,43.758,2.296794375,104.0,3.41,Poor
1371,877.44,130,10.080404,84.93,499.9095395,53.482,1.651534217,112.0,2.08,Poor
3140,2009.6,530,189.38404,195.1,1039.777961,131.274,2.630626129,200.0,67.5,Bad
2458,1573.12,430,193.85733,261.1,619.9342105,38.896,4.559384665,184.0,11.4,Bad
2103,1345.92,430,8.587831,140.8,719.9013158,58.344,2.281593837,192.0,0.1,Poor
983,629.12,70,12.26833,56.37,359.9588816,24.31,1.291795454,104.0,5.29,Poor
1246,797.44,140,12.290475,79.73,439.9506579,29.172,1.652692067,128.0,4.26,Poor
670,428.8,50,46.5045,50.0,259.9506579,29.172,1.348331584,56.0,3.5,Moderate
1194,764.16,200,86.3655,44.0,479.8848684,68.068,0.873285627,80.0,4.0,Poor
1188,760.32,180,45.6187,142.0,239.9259868,43.758,3.985858376,24.0,2.3,Poor
890,569.6,100,22.5879,93.0,259.9506579,29.172,2.507896747,56.0,4.0,Poor
1364,872.96,300,36.98215,98.0,399.9013158,58.344,2.130697632,64.0,4.0,Poor
603,385.92,40,41.6326,29.6,259.9342105,38.896,0.798237551,40.0,3.4,Moderate
324,207.36,30,9.7438,11.7,119.9835526,9.724,0.4644053,32.0,11.9,Moderate
1336,855.04,180,74.48772727,147.0,339.9671053,19.448,3.466339132,104.0,4.0,Poor
758,485.12,80,57.77831818,79.0,219.9588816,24.31,2.3159464,48.0,6.0,Poor
779,498.56,20,42.67945455,43.0,299.9095395,53.482,1.079556756,32.0,2.0,Poor
1776,1136.64,290,57.17436364,174.0,519.8766447,72.93,3.31796086,88.0,7.0,Poor
1244,796.16,160,38.04913636,121.0,339.9095395,53.482,2.853486733,48.0,4.0,Poor
1086,695.04,130,58.18095455,96.0,319.9506579,29.172,2.333468235,80.0,8.0,Poor
850,544.0,30,57.577,55.55,299.9588816,24.31,1.394521982,80.0,1.46,Poor
830,531.2,60,31.0,51.81,319.9095395,53.482,1.259424568,40.0,1.64,Poor
1275,816.0,60,27.0,64.29,499.9177632,48.62,1.250162033,120.0,2.48,Poor
1084,693.76,60,143.0,27.17,479.9835526,9.724,0.539198437,176.0,0.75,Poor
991,634.24,100,3.494481,90.2,299.9424342,34.034,2.26443441,64.0,2.04,Poor
771,493.44,50,9.47806,32.6,299.9342105,38.896,0.818420995,56.0,2.26,Poor
4986,3191.04,1270,165.2017,464.2,1439.802632,116.688,5.318948907,384.0,55.2,Bad
598,382.72,30,26.0,39.0,199.9506579,29.172,1.199155082,32.0,3.37,Moderate
2693,1723.52,470,217.021,300.0,719.8930921,63.206,4.861378272,184.0,4.0,Bad
708,453.12,90,18.29177,91.0,179.9671053,19.448,2.949286689,40.0,0.82,Moderate
1154,738.56,240,24.0,60.3,419.9095395,53.482,1.279415493,80.0,3.82,Poor
620,396.8,80,24.00518,39.96,199.9424342,34.034,1.228698013,24.0,6.71,Moderate
3197,2046.08,770,185.1322,209.0,1039.786184,126.412,2.818035299,208.0,63.0,Bad
1590,1017.6,310,221.0071,118.0,519.8848684,68.068,2.250093591,96.0,2.29,Poor
650,416.0,70,20.10766,58.0,199.9424342,34.034,1.783395514,24.0,4.75,Moderate
460,294.4,20,25.99823,42.0,139.9671053,19.448,1.543506504,24.0,2.6,Moderate
580,371.2,30,40.0,35.0,219.9342105,38.896,1.026109749,24.0,1.23,Moderate
654,418.56,80,45.0,34.0,259.9424342,34.034,0.91687998,48.0,1.6,Moderate
1097,702.08,240,53.0,56.78,419.9013158,58.344,1.204741676,72.0,4.72,Poor
499,319.36,40,47.3903,18.0,219.9506579,29.172,0.527693854,40.0,1.01,Moderate
1705,1091.2,350,34.0,196.0,419.9342105,38.896,4.15850863,104.0,1.9,Poor
580,371.2,20,15.0,19.0,259.9506579,29.172,0.512366002,56.0,0.4,Moderate
552,353.28,40,30.0,17.0,239.9671053,19.448,0.477139344,64.0,0.68,Moderate
638,408.32,50,17.05165,73.0,179.9753289,14.586,2.365857246,48.0,2.01,Moderate
640,409.6,50,9.56664,69.79,179.9753289,14.586,2.261824345,48.0,1.83,Moderate
1265,809.6,230,5.09335,84.08,439.9259868,43.758,1.742910389,104.0,1.77,Poor
643,411.52,50,16.8302,72.96,179.9835526,9.724,2.364506865,56.0,2.34,Moderate
1270,812.8,220,3.72036,83.71,439.9342105,38.896,1.73522437,112.0,2.05,Poor
635,406.4,50,9.3009,66.7,179.9753289,14.586,2.161680525,48.0,1.67,Moderate
709,453.76,60,16.87449,72.09,219.9753289,14.586,2.11329537,64.0,1.8,Moderate
4040,2585.6,830,367.607,312.0,1359.555921,262.548,3.67898672,112.0,11.0,Bad
2454,1570.56,500,42.88077273,246.0,699.7697368,136.136,4.043241599,56.0,2.0,Bad
733,469.12,120,32.41222727,60.0,239.9177632,48.62,1.684194375,16.0,2.0,Moderate
1308,837.12,160,44.29,110.0,419.8766447,72.93,2.334016867,48.0,5.0,Poor
1283,821.12,190,41.27022727,133.0,359.8848684,68.068,3.048189842,32.0,2.0,Poor
476,304.64,40,35.83463636,42.0,159.9506579,29.172,1.443871151,16.0,1.0,Moderate
2316,1482.24,350,245.0042273,214.0,699.8026316,116.688,3.517208805,88.0,2.0,Bad
1295,828.8,180,45.69922727,117.0,399.8848684,68.068,2.543844383,48.0,3.0,Poor
1367,874.88,320,18.52127273,132.0,399.8766447,72.93,2.87000779,40.0,2.0,Poor
554,354.56,70,18.92390909,44.0,199.9424342,34.034,1.352920735,24.0,1.0,Moderate
1255,803.2,200,93.41163636,108.0,379.9259868,43.758,2.409053359,80.0,4.0,Poor
761,487.04,90,53.75195455,72.0,219.9588816,24.31,2.110735959,48.0,6.0,Poor
1615,1033.6,250,192.0575455,160.0,419.9177632,48.62,3.394767404,88.0,5.0,Poor
1932,1236.48,220,173.9389091,195.0,459.8930921,63.206,3.95346895,80.0,5.0,Poor
2179,1394.56,360,118.5764091,302.0,439.9095395,53.482,6.260332743,88.0,12.0,Poor
1030,659.2,110,58.78490909,98.0,299.9259868,43.758,2.460317702,48.0,4.0,Poor
1965,1257.6,360,18.73467,290.0,499.84375,92.378,5.639661383,48.0,8.3,Poor
2188,1400.32,390,54.12238,122.1,819.8108553,111.826,1.854090786,144.0,1.4,Poor
1514,968.96,210,119.1401,107.65,519.9095395,53.482,2.052684983,120.0,1.89,Poor
1490,953.6,110,33.2175,133.2,459.9177632,48.62,2.700450974,104.0,14.4,Poor
1436,919.04,180,179.3745,205.8,219.9506579,29.172,6.033299736,40.0,84.6,Poor
797,510.08,90,32.64173,58.08,299.9259868,43.758,1.458114818,48.0,2.27,Poor
435,278.4,40,18.51322,33.18,199.9506579,29.172,1.020204247,32.0,2.17,Moderate
906,579.84,150,37.51363,55.93,339.9588816,24.31,1.31887546,96.0,2.78,Poor
3279,2098.56,510,578.4274,295.2,959.9424342,34.034,4.142532479,328.0,6.8,Bad
599,383.36,70,52.52794,36.94,259.9342105,38.896,0.99617889,40.0,1.22,Moderate
2324,1487.36,370,336.1611,169.3,799.8355263,97.24,2.602727956,160.0,2.6,Bad
2109,1349.76,260,332.175,211.3,599.8026316,116.688,3.751176315,48.0,43.3,Poor
1115,713.6,220,44.20142,60.44,419.9095395,53.482,1.282385944,80.0,3.04,Poor
5053,3233.92,1360,76.35596,465.2,1379.84375,92.378,5.444987846,400.0,3.3,Bad
2280,1459.2,340,506.2347,170.7,779.8355263,97.24,2.657689111,152.0,5.6,Bad
